,Unnamed: 0.2,Unnamed: 0.1,Unnamed: 0,Date,GameID,Drive,qtr,down,time,TimeUnder,TimeSecs,PlayTimeDiff,SideofField,yrdln,yrdline100,ydstogo,ydsnet,GoalToGo,FirstDown,posteam
0,0,0,0,2009-09-10,2009091000,1,1,,15:00,15,3600.0,0.0,TEN,30.0,30.0,0,0,0.0,,PIT
1,1,1,1,2009-09-10,2009091000,1,1,1.0,14:53,15,3593.0,7.0,PIT,42.0,58.0,10,5,0.0,0.0,PIT
2,2,2,2,2009-09-10,2009091000,1,1,2.0,14:16,15,3556.0,37.0,PIT,47.0,53.0,5,2,0.0,0.0,PIT
3,3,3,3,2009-09-10,2009091000,1,1,3.0,13:35,14,3515.0,41.0,PIT,44.0,56.0,8,2,0.0,0.0,PIT
4,4,4,4,2009-09-10,2009091000,1,1,4.0,13:27,14,3507.0,8.0,PIT,44.0,56.0,8,2,0.0,1.0,PIT
5,5,5,5,2009-09-10,2009091000,2,1,1.0,13:16,14,3496.0,11.0,TEN,2.0,98.0,10,0,0.0,0.0,TEN
6,6,6,6,2009-09-10,2009091000,2,1,2.0,12:40,13,3460.0,36.0,TEN,2.0,98.0,10,4,0.0,0.0,TEN
7,7,7,7,2009-09-10,2009091000,2,1,3.0,12:11,13,3431.0,29.0,TEN,6.0,94.0,6,2,0.0,0.0,TEN
8,8,8,8,2009-09-10,2009091000,2,1,4.0,11:34,12,3394.0,37.0,TEN,4.0,96.0,8,2,0.0,1.0,TEN
9,9,9,9,2009-09-10,2009091000,3,1,1.0,11:24,12,3384.0,10.0,TEN,43.0,43.0,10,3,0.0,0.0,PIT
10,10,10,10,2009-09-10,2009091000,3,1,2.0,10:48,11,3348.0,36.0,TEN,40.0,40.0,7,13,0.0,1.0,PIT
11,11,11,11,2009-09-10,2009091000,3,1,1.0,10:21,11,3321.0,27.0,TEN,30.0,30.0,10,12,0.0,0.0,PIT
12,12,12,12,2009-09-10,2009091000,3,1,2.0,09:43,10,3283.0,38.0,TEN,31.0,31.0,11,21,0.0,0.0,PIT
13,13,13,13,2009-09-10,2009091000,3,1,3.0,09:01,10,3241.0,42.0,TEN,22.0,22.0,2,2,0.0,0.0,PIT
14,14,14,14,2009-09-10,2009091000,3,1,4.0,08:25,9,3205.0,36.0,TEN,41.0,41.0,21,2,0.0,1.0,PIT
15,15,15,15,2009-09-10,2009091000,4,1,1.0,08:20,9,3200.0,5.0,TEN,11.0,89.0,10,70,0.0,1.0,TEN
16,16,16,16,2009-09-10,2009091000,4,1,1.0,07:57,8,3177.0,23.0,PIT,42.0,42.0,10,67,0.0,1.0,TEN
17,17,17,17,2009-09-10,2009091000,4,1,1.0,07:24,8,3144.0,33.0,PIT,22.0,22.0,10,70,0.0,0.0,TEN
18,18,18,18,2009-09-10,2009091000,4,1,2.0,06:57,7,3117.0,27.0,PIT,19.0,19.0,7,70,0.0,0.0,TEN
19,19,19,19,2009-09-10,2009091000,4,1,3.0,06:52,7,3112.0,5.0,PIT,19.0,19.0,7,70,0.0,0.0,TEN
20,20,20,20,2009-09-10,2009091000,4,1,4.0,06:48,7,3108.0,4.0,PIT,19.0,19.0,7,70,0.0,1.0,TEN
21,21,21,21,2009-09-10,2009091000,5,1,1.0,06:44,7,3104.0,4.0,PIT,27.0,73.0,10,1,0.0,0.0,PIT
22,22,22,22,2009-09-10,2009091000,5,1,2.0,06:09,7,3069.0,35.0,PIT,28.0,72.0,9,3,0.0,0.0,PIT
23,23,23,23,2009-09-10,2009091000,5,1,3.0,05:27,6,3027.0,42.0,PIT,30.0,70.0,7,-6,0.0,0.0,PIT
24,24,24,24,2009-09-10,2009091000,5,1,4.0,05:02,6,3002.0,25.0,PIT,21.0,79.0,16,-6,0.0,1.0,PIT
25,25,25,25,2009-09-10,2009091000,6,1,1.0,04:49,5,2989.0,13.0,TEN,26.0,74.0,10,10,0.0,1.0,TEN
26,26,26,26,2009-09-10,2009091000,6,1,1.0,04:27,5,2967.0,22.0,TEN,36.0,64.0,10,14,0.0,1.0,TEN
27,27,27,27,2009-09-10,2009091000,6,1,1.0,04:07,5,2947.0,20.0,TEN,31.0,69.0,15,14,0.0,0.0,TEN
28,28,28,28,2009-09-10,2009091000,6,1,2.0,03:45,4,2925.0,22.0,TEN,40.0,60.0,6,17,0.0,0.0,TEN
29,29,29,29,2009-09-10,2009091000,6,1,3.0,03:06,4,2886.0,39.0,TEN,43.0,57.0,3,25,0.0,1.0,TEN
30,30,30,30,2009-09-10,2009091000,6,1,1.0,02:28,3,2848.0,38.0,PIT,49.0,49.0,10,30,0.0,0.0,TEN
31,31,31,31,2009-09-10,2009091000,6,1,2.0,01:51,2,2811.0,37.0,PIT,44.0,44.0,5,30,0.0,1.0,TEN
32,32,32,32,2009-09-10,2009091000,7,1,1.0,01:38,2,2798.0,13.0,PIT,21.0,79.0,10,2,0.0,0.0,PIT
33,33,33,33,2009-09-10,2009091000,7,1,2.0,00:57,1,2757.0,41.0,PIT,23.0,77.0,8,3,0.0,0.0,PIT
34,34,34,34,2009-09-10,2009091000,7,1,3.0,00:12,1,2712.0,45.0,PIT,24.0,76.0,7,3,0.0,1.0,PIT
35,35,35,35,2009-09-10,2009091000,8,1,1.0,00:06,1,2706.0,6.0,PIT,44.0,44.0,10,1,0.0,0.0,TEN
36,36,36,36,2009-09-10,2009091000,8,1,,00:00,0,2700.0,6.0,PIT,44.0,44.0,0,1,0.0,0.0,
37,37,37,37,2009-09-10,2009091000,8,2,2.0,15:00,15,2700.0,0.0,PIT,43.0,43.0,9,12,0.0,1.0,TEN
38,38,38,38,2009-09-10,2009091000,8,2,1.0,14:22,15,2662.0,38.0,PIT,32.0,32.0,10,10,0.0,0.0,TEN
39,39,39,39,2009-09-10,2009091000,8,2,2.0,13:49,14,2629.0,33.0,PIT,34.0,34.0,12,10,0.0,0.0,TEN
40,40,40,40,2009-09-10,2009091000,8,2,3.0,13:44,14,2624.0,5.0,PIT,34.0,34.0,12,0,0.0,0.0,TEN
41,41,41,41,2009-09-10,2009091000,8,2,4.0,13:13,14,2593.0,31.0,PIT,44.0,44.0,22,0,0.0,1.0,TEN
42,42,42,42,2009-09-10,2009091000,9,2,1.0,13:04,14,2584.0,9.0,PIT,5.0,95.0,10,8,0.0,0.0,PIT
43,43,43,43,2009-09-10,2009091000,9,2,2.0,12:23,13,2543.0,41.0,PIT,13.0,87.0,2,8,0.0,0.0,PIT
44,44,44,44,2009-09-10,2009091000,9,2,3.0,11:39,12,2499.0,44.0,PIT,13.0,87.0,2,16,0.0,1.0,PIT
45,45,45,45,2009-09-10,2009091000,9,2,1.0,10:59,11,2459.0,40.0,PIT,21.0,79.0,10,25,0.0,0.0,PIT
46,46,46,46,2009-09-10,2009091000,9,2,2.0,10:19,11,2419.0,40.0,PIT,30.0,70.0,1,33,0.0,0.0,PIT
47,47,47,47,2009-09-10,2009091000,9,2,2.0,09:54,10,2394.0,25.0,PIT,25.0,75.0,6,10,0.0,0.0,PIT
48,48,48,48,2009-09-10,2009091000,9,2,2.0,09:43,10,2383.0,11.0,PIT,15.0,85.0,16,33,0.0,1.0,PIT
49,49,49,49,2009-09-10,2009091000,9,2,1.0,08:59,9,2339.0,44.0,PIT,33.0,67.0,10,33,0.0,0.0,PIT
50,50,50,50,2009-09-10,2009091000,9,2,2.0,08:18,9,2298.0,41.0,PIT,34.0,66.0,9,33,0.0,0.0,PIT
51,51,51,51,2009-09-10,2009091000,9,2,3.0,07:32,8,2252.0,46.0,PIT,38.0,62.0,5,33,0.0,0.0,PIT
52,52,52,52,2009-09-10,2009091000,9,2,4.0,07:25,8,2245.0,7.0,PIT,38.0,62.0,5,33,0.0,1.0,PIT
53,53,53,53,2009-09-10,2009091000,10,2,1.0,07:14,8,2234.0,11.0,TEN,27.0,73.0,10,60,0.0,0.0,TEN
54,54,54,54,2009-09-10,2009091000,10,2,2.0,07:07,8,2227.0,7.0,TEN,27.0,73.0,10,4,0.0,0.0,TEN
55,55,55,55,2009-09-10,2009091000,10,2,3.0,06:31,7,2191.0,36.0,TEN,31.0,69.0,6,12,0.0,1.0,TEN
56,56,56,56,2009-09-10,2009091000,10,2,1.0,05:54,6,2154.0,37.0,TEN,39.0,61.0,10,15,0.0,0.0,TEN
57,57,57,57,2009-09-10,2009091000,10,2,2.0,05:19,6,2119.0,35.0,TEN,42.0,58.0,7,15,0.0,0.0,TEN
58,58,58,58,2009-09-10,2009091000,10,2,2.0,05:11,6,2111.0,8.0,TEN,42.0,58.0,7,30,0.0,1.0,TEN
59,59,59,59,2009-09-10,2009091000,10,2,1.0,04:46,5,2086.0,25.0,PIT,43.0,43.0,10,30,0.0,0.0,TEN
60,60,60,60,2009-09-10,2009091000,10,2,2.0,04:40,5,2080.0,6.0,PIT,43.0,43.0,10,33,0.0,0.0,TEN
61,61,61,61,2009-09-10,2009091000,10,2,3.0,04:01,5,2041.0,39.0,PIT,40.0,40.0,7,56,0.0,1.0,TEN
62,62,62,62,2009-09-10,2009091000,10,2,1.0,03:37,4,2017.0,24.0,PIT,17.0,17.0,10,61,0.0,0.0,TEN
63,63,63,63,2009-09-10,2009091000,10,2,2.0,03:04,4,1984.0,33.0,PIT,12.0,12.0,5,60,0.0,0.0,TEN
64,64,64,64,2009-09-10,2009091000,10,2,3.0,02:28,3,1948.0,36.0,PIT,13.0,13.0,6,60,0.0,0.0,TEN
65,65,65,65,2009-09-10,2009091000,10,2,4.0,02:22,3,1942.0,6.0,PIT,13.0,13.0,6,60,0.0,1.0,TEN
66,66,66,66,2009-09-10,2009091000,11,2,1.0,02:14,3,1934.0,8.0,PIT,21.0,79.0,10,0,0.0,0.0,PIT
67,67,67,67,2009-09-10,2009091000,11,2,2.0,02:08,3,1928.0,6.0,PIT,21.0,79.0,10,12,0.0,0.0,PIT
68,68,68,68,2009-09-10,2009091000,11,2,,02:00,2,1920.0,8.0,PIT,21.0,21.0,0,12,0.0,,
69,69,69,69,2009-09-10,2009091000,11,2,1.0,02:00,2,1920.0,0.0,PIT,33.0,67.0,10,16,0.0,0.0,PIT
70,70,70,70,2009-09-10,2009091000,11,2,2.0,01:38,2,1898.0,22.0,PIT,37.0,63.0,6,45,0.0,0.0,PIT
71,71,71,71,2009-09-10,2009091000,11,2,,01:29,2,1889.0,9.0,PIT,37.0,37.0,0,45,0.0,,
72,72,72,72,2009-09-10,2009091000,11,2,1.0,01:29,2,1889.0,0.0,TEN,34.0,34.0,10,79,0.0,0.0,PIT
73,73,73,73,2009-09-10,2009091000,11,2,,01:22,2,1882.0,7.0,TEN,2.0,2.0,0,79,0.0,0.0,PIT
74,74,74,74,2009-09-10,2009091000,12,2,,01:22,2,1882.0,0.0,PIT,30.0,30.0,0,0,0.0,,TEN
75,75,75,75,2009-09-10,2009091000,12,2,1.0,01:15,2,1875.0,7.0,TEN,29.0,71.0,10,0,0.0,0.0,TEN
76,76,76,76,2009-09-10,2009091000,12,2,2.0,01:09,2,1869.0,6.0,TEN,29.0,71.0,10,57,0.0,0.0,TEN
77,77,77,77,2009-09-10,2009091000,12,2,,00:54,1,1854.0,15.0,TEN,29.0,29.0,0,57,0.0,,
78,78,78,78,2009-09-10,2009091000,12,2,1.0,00:53,1,1853.0,1.0,PIT,14.0,14.0,10,71,0.0,0.0,TEN
79,79,79,79,2009-09-10,2009091000,12,2,,00:48,1,1848.0,5.0,PIT,2.0,2.0,0,71,0.0,0.0,TEN
80,80,80,80,2009-09-10,2009091000,13,2,,00:48,1,1848.0,0.0,TEN,30.0,30.0,0,0,0.0,,PIT
81,81,81,81,2009-09-10,2009091000,13,2,1.0,00:41,1,1841.0,7.0,PIT,27.0,73.0,10,5,0.0,0.0,PIT
82,82,82,82,2009-09-10,2009091000,13,2,2.0,00:35,1,1835.0,6.0,PIT,32.0,68.0,5,19,0.0,0.0,PIT
83,83,83,83,2009-09-10,2009091000,13,2,,00:27,1,1827.0,8.0,PIT,32.0,32.0,0,19,0.0,,
84,84,84,84,2009-09-10,2009091000,13,2,1.0,00:27,1,1827.0,0.0,PIT,46.0,54.0,10,31,0.0,1.0,PIT
85,85,85,85,2009-09-10,2009091000,13,2,1.0,00:21,1,1821.0,6.0,TEN,42.0,42.0,10,31,0.0,0.0,PIT
86,86,86,86,2009-09-10,2009091000,13,2,2.0,00:16,1,1816.0,5.0,TEN,42.0,42.0,10,23,0.0,0.0,PIT
87,87,87,87,2009-09-10,2009091000,13,2,,00:07,1,1807.0,9.0,TEN,42.0,42.0,0,23,0.0,0.0,
88,88,88,88,2009-09-10,2009091000,13,2,3.0,00:07,1,1807.0,0.0,PIT,50.0,50.0,18,18,0.0,0.0,PIT
89,89,89,89,2009-09-10,2009091000,13,2,3.0,00:01,1,1801.0,6.0,PIT,45.0,55.0,23,18,0.0,0.0,PIT
90,90,90,90,2009-09-10,2009091000,14,3,,15:00,15,1800.0,1.0,PIT,30.0,30.0,0,0,0.0,,TEN
91,91,91,91,2009-09-10,2009091000,14,3,1.0,14:55,15,1795.0,5.0,TEN,21.0,79.0,10,7,0.0,0.0,TEN
92,92,92,92,2009-09-10,2009091000,14,3,2.0,14:20,15,1760.0,35.0,TEN,28.0,72.0,3,24,0.0,1.0,TEN
93,93,93,93,2009-09-10,2009091000,14,3,1.0,13:38,14,1718.0,42.0,TEN,45.0,55.0,10,29,0.0,0.0,TEN
94,94,94,94,2009-09-10,2009091000,14,3,2.0,13:04,14,1684.0,34.0,TEN,50.0,50.0,5,37,0.0,1.0,TEN
95,95,95,95,2009-09-10,2009091000,14,3,1.0,12:41,13,1661.0,23.0,PIT,42.0,42.0,10,37,0.0,0.0,TEN
96,96,96,96,2009-09-10,2009091000,14,3,2.0,12:06,13,1626.0,35.0,PIT,42.0,42.0,10,38,0.0,1.0,TEN
97,97,97,97,2009-09-10,2009091000,15,3,1.0,11:57,12,1617.0,9.0,PIT,46.0,54.0,10,8,0.0,0.0,PIT
98,98,98,98,2009-09-10,2009091000,15,3,2.0,11:20,12,1580.0,37.0,TEN,46.0,46.0,2,9,0.0,0.0,PIT
99,99,99,99,2009-09-10,2009091000,15,3,3.0,10:37,11,1537.0,43.0,TEN,45.0,45.0,1,9,0.0,0.0,PIT
100,100,100,100,2009-09-10,2009091000,15,3,4.0,10:12,11,1512.0,25.0,TEN,45.0,45.0,1,9,0.0,1.0,PIT
101,101,101,101,2009-09-10,2009091000,16,3,1.0,09:53,10,1493.0,19.0,TEN,5.0,95.0,10,1,0.0,0.0,TEN
102,102,102,102,2009-09-10,2009091000,16,3,2.0,09:11,10,1451.0,42.0,TEN,6.0,94.0,9,1,0.0,0.0,TEN
103,103,103,103,2009-09-10,2009091000,16,3,3.0,08:46,9,1426.0,25.0,TEN,6.0,94.0,9,-1,0.0,0.0,TEN
104,104,104,104,2009-09-10,2009091000,16,3,4.0,08:09,9,1389.0,37.0,TEN,4.0,96.0,11,-1,0.0,1.0,TEN
105,105,105,105,2009-09-10,2009091000,17,3,1.0,08:01,9,1381.0,8.0,PIT,46.0,54.0,10,0,0.0,0.0,PIT
106,106,106,106,2009-09-10,2009091000,17,3,2.0,07:58,8,1378.0,3.0,PIT,46.0,54.0,10,4,0.0,0.0,PIT
107,107,107,107,2009-09-10,2009091000,17,3,3.0,07:15,8,1335.0,43.0,MID,50.0,50.0,6,11,0.0,1.0,PIT
108,108,108,108,2009-09-10,2009091000,17,3,1.0,06:49,7,1309.0,26.0,TEN,43.0,43.0,10,14,0.0,0.0,PIT
109,109,109,109,2009-09-10,2009091000,17,3,2.0,06:06,7,1266.0,43.0,TEN,40.0,40.0,7,11,0.0,0.0,PIT
110,110,110,110,2009-09-10,2009091000,17,3,3.0,05:23,6,1223.0,43.0,TEN,43.0,43.0,10,11,0.0,0.0,PIT
111,111,111,111,2009-09-10,2009091000,17,3,4.0,05:18,6,1218.0,5.0,TEN,43.0,43.0,10,11,0.0,1.0,PIT
112,112,112,112,2009-09-10,2009091000,18,3,1.0,05:08,6,1208.0,10.0,TEN,10.0,90.0,10,6,0.0,0.0,TEN
113,113,113,113,2009-09-10,2009091000,18,3,2.0,04:29,5,1169.0,39.0,TEN,16.0,84.0,4,4,0.0,0.0,TEN
114,114,114,114,2009-09-10,2009091000,18,3,3.0,03:48,4,1128.0,41.0,TEN,14.0,86.0,6,20,0.0,1.0,TEN
115,115,115,115,2009-09-10,2009091000,18,3,1.0,03:12,4,1092.0,36.0,TEN,30.0,70.0,10,24,0.0,0.0,TEN
116,116,116,116,2009-09-10,2009091000,18,3,2.0,02:36,3,1056.0,36.0,TEN,34.0,66.0,6,24,0.0,0.0,TEN
117,117,117,117,2009-09-10,2009091000,18,3,3.0,02:30,3,1050.0,6.0,TEN,34.0,66.0,6,19,0.0,0.0,TEN
118,118,118,118,2009-09-10,2009091000,18,3,3.0,02:01,3,1021.0,29.0,TEN,29.0,71.0,11,19,0.0,0.0,TEN
119,119,119,119,2009-09-10,2009091000,18,3,4.0,01:56,2,1016.0,5.0,TEN,29.0,71.0,11,19,0.0,1.0,TEN
120,120,120,120,2009-09-10,2009091000,19,3,1.0,01:43,2,1003.0,13.0,PIT,15.0,85.0,10,3,0.0,0.0,PIT
121,121,121,121,2009-09-10,2009091000,19,3,2.0,01:08,2,968.0,35.0,PIT,18.0,82.0,7,3,0.0,0.0,PIT
122,122,122,122,2009-09-10,2009091000,19,3,3.0,00:25,1,925.0,43.0,PIT,18.0,82.0,7,8,0.0,0.0,PIT
123,123,123,123,2009-09-10,2009091000,19,3,,00:00,0,900.0,25.0,PIT,18.0,18.0,0,8,0.0,0.0,
124,124,124,124,2009-09-10,2009091000,19,4,4.0,15:00,15,900.0,0.0,PIT,23.0,77.0,2,8,0.0,1.0,PIT
125,125,125,125,2009-09-10,2009091000,20,4,1.0,14:51,15,891.0,9.0,TEN,37.0,63.0,10,36,0.0,1.0,TEN
126,126,126,126,2009-09-10,2009091000,20,4,1.0,14:28,15,868.0,23.0,PIT,48.0,48.0,10,14,0.0,0.0,TEN
127,127,127,127,2009-09-10,2009091000,20,4,2.0,13:47,14,827.0,41.0,PIT,49.0,49.0,11,29,0.0,1.0,TEN
128,128,128,128,2009-09-10,2009091000,20,4,1.0,13:10,14,790.0,37.0,PIT,34.0,34.0,10,31,0.0,0.0,TEN
129,129,129,129,2009-09-10,2009091000,20,4,2.0,12:34,13,754.0,36.0,PIT,32.0,32.0,8,33,0.0,0.0,TEN
130,130,130,130,2009-09-10,2009091000,20,4,3.0,11:48,12,708.0,46.0,PIT,30.0,30.0,6,36,0.0,0.0,TEN
131,131,131,131,2009-09-10,2009091000,20,4,4.0,11:08,12,668.0,40.0,PIT,27.0,27.0,3,36,0.0,0.0,TEN
132,132,132,132,2009-09-10,2009091000,21,4,,11:03,12,663.0,5.0,TEN,30.0,30.0,0,0,0.0,,PIT
133,133,133,133,2009-09-10,2009091000,21,4,1.0,10:54,11,654.0,9.0,PIT,30.0,70.0,10,7,0.0,0.0,PIT
134,134,134,134,2009-09-10,2009091000,21,4,2.0,10:17,11,617.0,37.0,PIT,37.0,63.0,3,12,0.0,1.0,PIT
135,135,135,135,2009-09-10,2009091000,21,4,1.0,09:33,10,573.0,44.0,PIT,42.0,58.0,10,21,0.0,0.0,PIT
136,136,136,136,2009-09-10,2009091000,21,4,2.0,09:01,10,541.0,32.0,TEN,49.0,49.0,1,24,0.0,1.0,PIT
137,137,137,137,2009-09-10,2009091000,21,4,1.0,08:17,9,497.0,44.0,TEN,46.0,46.0,10,39,0.0,1.0,PIT
138,138,138,138,2009-09-10,2009091000,21,4,1.0,08:17,9,497.0,0.0,TEN,41.0,41.0,5,39,0.0,1.0,PIT
139,139,139,139,2009-09-10,2009091000,21,4,1.0,07:15,8,435.0,62.0,TEN,31.0,31.0,10,43,0.0,0.0,PIT
140,140,140,140,2009-09-10,2009091000,21,4,2.0,06:34,7,394.0,41.0,TEN,27.0,27.0,6,37,0.0,0.0,PIT
141,141,141,141,2009-09-10,2009091000,21,4,3.0,05:56,6,356.0,38.0,TEN,33.0,33.0,12,52,0.0,1.0,PIT
142,142,142,142,2009-09-10,2009091000,21,4,1.0,05:10,6,310.0,46.0,TEN,18.0,18.0,10,60,0.0,0.0,PIT
143,143,143,143,2009-09-10,2009091000,21,4,2.0,04:28,5,268.0,42.0,TEN,10.0,10.0,2,61,0.0,0.0,PIT
144,144,144,144,2009-09-10,2009091000,21,4,3.0,03:46,4,226.0,42.0,TEN,9.0,9.0,1,61,0.0,0.0,PIT
145,145,145,145,2009-09-10,2009091000,21,4,4.0,03:02,4,182.0,44.0,TEN,9.0,9.0,1,56,0.0,0.0,PIT
146,146,146,146,2009-09-10,2009091000,21,4,4.0,03:00,3,180.0,2.0,TEN,14.0,14.0,6,56,0.0,0.0,PIT
147,147,147,147,2009-09-10,2009091000,22,4,,02:57,3,177.0,3.0,PIT,30.0,30.0,0,0,0.0,,TEN
148,148,148,148,2009-09-10,2009091000,22,4,1.0,02:50,3,170.0,7.0,TEN,18.0,82.0,10,12,0.0,1.0,TEN
149,149,149,149,2009-09-10,2009091000,22,4,1.0,02:12,3,132.0,38.0,TEN,30.0,70.0,10,12,0.0,0.0,TEN
150,150,150,150,2009-09-10,2009091000,22,4,2.0,02:08,3,128.0,4.0,TEN,30.0,70.0,10,12,0.0,0.0,TEN
151,151,151,151,2009-09-10,2009091000,22,4,3.0,02:03,3,123.0,5.0,TEN,30.0,70.0,10,12,0.0,0.0,TEN
152,152,152,152,2009-09-10,2009091000,22,4,,01:57,2,117.0,6.0,TEN,30.0,30.0,0,12,0.0,0.0,
153,153,153,153,2009-09-10,2009091000,22,4,4.0,01:57,2,117.0,0.0,TEN,30.0,70.0,10,12,0.0,1.0,TEN
154,154,154,154,2009-09-10,2009091000,23,4,1.0,01:50,2,110.0,7.0,PIT,42.0,58.0,10,12,0.0,1.0,PIT
155,155,155,155,2009-09-10,2009091000,23,4,1.0,01:42,2,102.0,8.0,TEN,46.0,46.0,10,15,0.0,0.0,PIT
156,156,156,156,2009-09-10,2009091000,23,4,2.0,01:10,2,70.0,32.0,TEN,43.0,43.0,7,24,0.0,0.0,PIT
157,157,157,157,2009-09-10,2009091000,23,4,,01:03,2,63.0,7.0,TEN,43.0,43.0,0,24,0.0,,
158,158,158,158,2009-09-10,2009091000,23,4,1.0,01:03,2,63.0,0.0,TEN,34.0,34.0,10,54,0.0,1.0,PIT
159,159,159,159,2009-09-10,2009091000,24,4,1.0,00:51,1,51.0,12.0,TEN,4.0,96.0,10,2,0.0,0.0,TEN
160,160,160,160,2009-09-10,2009091000,24,4,,00:44,1,44.0,7.0,TEN,4.0,4.0,0,2,0.0,0.0,
161,161,161,161,2009-09-10,2009091000,24,4,2.0,00:44,1,44.0,0.0,TEN,6.0,94.0,8,-1,0.0,0.0,TEN
162,162,162,162,2009-09-10,2009091000,24,4,2.0,00:44,1,44.0,0.0,TEN,3.0,97.0,11,0,0.0,0.0,TEN
163,163,163,163,2009-09-10,2009091000,24,4,,00:41,1,41.0,3.0,TEN,3.0,3.0,0,0,0.0,0.0,
164,164,164,164,2009-09-10,2009091000,24,4,3.0,00:41,1,41.0,0.0,TEN,4.0,96.0,10,0,0.0,0.0,TEN
165,165,165,165,2009-09-10,2009091000,24,4,,00:00,0,0.0,41.0,TEN,4.0,4.0,0,0,0.0,0.0,
166,166,166,166,2009-09-10,2009091000,25,5,,15:00,15,0.0,0.0,TEN,30.0,30.0,0,0,0.0,,PIT
167,167,167,167,2009-09-10,2009091000,25,5,1.0,14:56,15,-4.0,4.0,PIT,22.0,78.0,10,0,0.0,0.0,PIT
168,168,168,168,2009-09-10,2009091000,25,5,2.0,14:52,15,-8.0,4.0,PIT,22.0,78.0,10,11,0.0,1.0,PIT
169,169,169,169,2009-09-10,2009091000,25,5,1.0,14:30,15,-30.0,22.0,PIT,33.0,67.0,10,19,0.0,0.0,PIT
170,170,170,170,2009-09-10,2009091000,25,5,2.0,14:30,15,-30.0,0.0,PIT,41.0,59.0,2,21,0.0,1.0,PIT
171,171,171,171,2009-09-10,2009091000,25,5,1.0,13:19,14,-101.0,71.0,PIT,43.0,57.0,10,22,0.0,0.0,PIT
172,172,172,172,2009-09-10,2009091000,25,5,2.0,12:45,13,-135.0,34.0,PIT,44.0,56.0,9,30,0.0,0.0,PIT
173,173,173,173,2009-09-10,2009091000,25,5,3.0,12:02,13,-178.0,43.0,TEN,48.0,48.0,1,41,0.0,1.0,PIT
174,174,174,174,2009-09-10,2009091000,25,5,1.0,11:21,12,-219.0,41.0,TEN,37.0,37.0,10,41,0.0,0.0,PIT
175,175,175,175,2009-09-10,2009091000,25,5,2.0,11:14,12,-226.0,7.0,TEN,37.0,37.0,10,63,0.0,0.0,PIT
176,176,176,176,2009-09-10,2009091000,25,5,,10:34,11,-266.0,40.0,TEN,37.0,37.0,0,63,0.0,,
177,177,177,177,2009-09-10,2009091000,25,5,1.0,10:34,11,-266.0,0.0,TEN,15.0,15.0,10,63,0.0,0.0,PIT
178,178,178,178,2009-09-13,2009091304,1,1,,15:00,15,3600.0,0.0,MIN,30.0,30.0,0,31,0.0,,CLE
179,179,179,179,2009-09-13,2009091304,1,1,1.0,14:59,15,3599.0,1.0,CLE,49.0,51.0,10,6,0.0,0.0,CLE
180,180,180,180,2009-09-13,2009091304,1,1,2.0,14:19,15,3559.0,40.0,MIN,45.0,45.0,4,6,0.0,0.0,CLE
181,181,181,181,2009-09-13,2009091304,1,1,3.0,14:13,15,3553.0,6.0,MIN,45.0,45.0,4,31,0.0,1.0,CLE
182,182,182,182,2009-09-13,2009091304,1,1,1.0,13:35,14,3515.0,38.0,MIN,40.0,40.0,10,29,0.0,1.0,CLE
183,183,183,183,2009-09-13,2009091304,1,1,1.0,12:49,13,3469.0,46.0,MIN,22.0,22.0,10,31,0.0,0.0,CLE
184,184,184,184,2009-09-13,2009091304,1,1,2.0,12:45,13,3465.0,4.0,MIN,22.0,22.0,10,31,0.0,0.0,CLE
185,185,185,185,2009-09-13,2009091304,1,1,3.0,12:09,13,3429.0,36.0,MIN,21.0,21.0,9,31,0.0,0.0,CLE
186,186,186,186,2009-09-13,2009091304,1,1,4.0,11:33,12,3393.0,36.0,MIN,20.0,20.0,8,31,0.0,0.0,CLE
187,187,187,187,2009-09-13,2009091304,2,1,,11:28,12,3388.0,5.0,CLE,30.0,30.0,0,0,0.0,,MIN
188,188,188,188,2009-09-13,2009091304,2,1,1.0,11:21,12,3381.0,7.0,MIN,30.0,70.0,10,1,0.0,0.0,MIN
189,189,189,189,2009-09-13,2009091304,2,1,2.0,10:45,11,3345.0,36.0,MIN,31.0,69.0,9,1,0.0,0.0,MIN
190,190,190,190,2009-09-13,2009091304,2,1,3.0,10:04,11,3304.0,41.0,MIN,31.0,69.0,9,0,0.0,0.0,MIN
191,191,191,191,2009-09-13,2009091304,2,1,4.0,09:33,10,3273.0,31.0,MIN,30.0,70.0,10,0,0.0,1.0,MIN
192,192,192,192,2009-09-13,2009091304,3,1,1.0,09:24,10,3264.0,9.0,CLE,22.0,78.0,10,2,0.0,0.0,CLE
193,193,193,193,2009-09-13,2009091304,3,1,2.0,08:49,9,3229.0,35.0,CLE,24.0,76.0,8,-4,0.0,0.0,CLE
194,194,194,194,2009-09-13,2009091304,3,1,2.0,08:17,9,3197.0,32.0,CLE,16.0,84.0,16,-4,0.0,0.0,CLE
195,195,195,195,2009-09-13,2009091304,3,1,3.0,07:35,8,3155.0,42.0,CLE,18.0,82.0,14,-4,0.0,0.0,CLE
196,196,196,196,2009-09-13,2009091304,3,1,4.0,07:05,8,3125.0,30.0,CLE,18.0,82.0,14,-4,0.0,1.0,CLE
197,197,197,197,2009-09-13,2009091304,4,1,1.0,06:55,7,3115.0,10.0,CLE,49.0,49.0,10,6,0.0,0.0,MIN
198,198,198,198,2009-09-13,2009091304,4,1,2.0,06:21,7,3081.0,34.0,CLE,43.0,43.0,4,9,0.0,0.0,MIN
199,199,199,199,2009-09-13,2009091304,4,1,3.0,05:45,6,3045.0,36.0,CLE,40.0,40.0,1,16,0.0,1.0,MIN
200,200,200,200,2009-09-13,2009091304,4,1,1.0,05:10,6,3010.0,35.0,CLE,33.0,33.0,10,12,0.0,0.0,MIN
201,201,201,201,2009-09-13,2009091304,4,1,2.0,04:31,5,2971.0,39.0,CLE,37.0,37.0,14,25,0.0,0.0,MIN
202,202,202,202,2009-09-13,2009091304,4,1,3.0,03:48,4,2928.0,43.0,CLE,24.0,24.0,1,30,0.0,1.0,MIN
203,203,203,203,2009-09-13,2009091304,4,1,1.0,03:07,4,2887.0,41.0,CLE,19.0,19.0,10,35,0.0,0.0,MIN
204,204,204,204,2009-09-13,2009091304,4,1,2.0,02:17,3,2837.0,50.0,CLE,14.0,14.0,5,46,0.0,1.0,MIN
205,205,205,205,2009-09-13,2009091304,4,1,1.0,01:33,2,2793.0,44.0,CLE,3.0,3.0,3,48,1.0,0.0,MIN
206,206,206,206,2009-09-13,2009091304,4,1,2.0,00:55,1,2755.0,38.0,CLE,1.0,1.0,1,46,1.0,0.0,MIN
207,207,207,207,2009-09-13,2009091304,4,1,3.0,00:10,1,2710.0,45.0,CLE,3.0,3.0,3,46,1.0,0.0,MIN
208,208,208,208,2009-09-13,2009091304,4,1,4.0,00:06,1,2706.0,4.0,CLE,3.0,3.0,3,46,1.0,0.0,MIN
209,209,209,209,2009-09-13,2009091304,5,1,,00:03,1,2703.0,3.0,MIN,30.0,30.0,0,0,0.0,0.0,CLE
210,210,210,210,2009-09-13,2009091304,5,1,,00:00,0,2700.0,3.0,MIN,30.0,30.0,0,0,0.0,,
211,211,211,211,2009-09-13,2009091304,5,2,1.0,15:00,15,2700.0,0.0,CLE,14.0,86.0,10,5,0.0,0.0,CLE
212,212,212,212,2009-09-13,2009091304,5,2,2.0,14:24,15,2664.0,36.0,CLE,14.0,86.0,10,5,0.0,0.0,CLE
213,213,213,213,2009-09-13,2009091304,5,2,3.0,13:37,14,2617.0,47.0,CLE,19.0,81.0,5,-4,0.0,0.0,CLE
214,214,214,214,2009-09-13,2009091304,5,2,4.0,13:11,14,2591.0,26.0,CLE,10.0,90.0,14,-4,0.0,1.0,CLE
215,215,215,215,2009-09-13,2009091304,6,2,1.0,12:56,13,2576.0,15.0,CLE,23.0,23.0,10,2,0.0,0.0,MIN
216,216,216,216,2009-09-13,2009091304,6,2,2.0,12:27,13,2547.0,29.0,CLE,21.0,21.0,8,20,0.0,1.0,MIN
217,217,217,217,2009-09-13,2009091304,6,2,1.0,11:54,12,2514.0,33.0,CLE,3.0,3.0,3,22,1.0,0.0,MIN
218,218,218,218,2009-09-13,2009091304,6,2,2.0,11:17,12,2477.0,37.0,CLE,1.0,1.0,1,23,1.0,0.0,MIN
219,219,219,219,2009-09-13,2009091304,6,2,,11:09,12,2469.0,8.0,CLE,2.0,2.0,0,23,0.0,0.0,MIN
220,220,220,220,2009-09-13,2009091304,7,2,,11:09,12,2469.0,0.0,MIN,30.0,30.0,0,0,0.0,,CLE
221,221,221,221,2009-09-13,2009091304,7,2,1.0,11:02,12,2462.0,7.0,CLE,25.0,75.0,10,2,0.0,0.0,CLE
222,222,222,222,2009-09-13,2009091304,7,2,2.0,10:17,11,2417.0,45.0,CLE,27.0,73.0,8,73,0.0,1.0,CLE
223,223,223,223,2009-09-13,2009091304,7,2,1.0,09:43,10,2383.0,34.0,CLE,39.0,61.0,10,29,0.0,1.0,CLE
224,224,224,224,2009-09-13,2009091304,7,2,1.0,09:17,10,2357.0,26.0,MIN,46.0,46.0,10,36,0.0,0.0,CLE
225,225,225,225,2009-09-13,2009091304,7,2,2.0,08:36,9,2316.0,41.0,MIN,39.0,39.0,3,41,0.0,1.0,CLE
226,226,226,226,2009-09-13,2009091304,7,2,1.0,07:54,8,2274.0,42.0,MIN,34.0,34.0,10,69,0.0,1.0,CLE
227,227,227,227,2009-09-13,2009091304,7,2,1.0,07:47,8,2267.0,7.0,MIN,6.0,6.0,6,74,1.0,0.0,CLE
228,228,228,228,2009-09-13,2009091304,7,2,2.0,07:16,8,2236.0,31.0,MIN,3.0,3.0,3,74,1.0,0.0,CLE
229,229,229,229,2009-09-13,2009091304,7,2,3.0,06:38,7,2198.0,38.0,MIN,1.0,1.0,1,73,1.0,0.0,CLE
230,230,230,230,2009-09-13,2009091304,7,2,4.0,06:00,6,2160.0,38.0,MIN,2.0,2.0,2,73,1.0,0.0,CLE
231,231,231,231,2009-09-13,2009091304,8,2,,05:57,6,2157.0,3.0,CLE,30.0,30.0,0,0,0.0,,MIN
232,232,232,232,2009-09-13,2009091304,8,2,1.0,05:57,6,2157.0,0.0,MIN,20.0,80.0,10,9,0.0,0.0,MIN
233,233,233,233,2009-09-13,2009091304,8,2,2.0,05:23,6,2123.0,34.0,MIN,29.0,71.0,1,9,0.0,0.0,MIN
234,234,234,234,2009-09-13,2009091304,8,2,3.0,04:39,5,2079.0,44.0,MIN,29.0,71.0,1,9,0.0,0.0,MIN
235,235,235,235,2009-09-13,2009091304,8,2,4.0,04:13,5,2053.0,26.0,MIN,29.0,71.0,1,9,0.0,1.0,MIN
236,236,236,236,2009-09-13,2009091304,9,2,1.0,04:05,5,2045.0,8.0,CLE,42.0,58.0,10,0,0.0,0.0,CLE
237,237,237,237,2009-09-13,2009091304,9,2,2.0,04:02,5,2042.0,3.0,CLE,42.0,58.0,10,-5,0.0,0.0,CLE
238,238,238,238,2009-09-13,2009091304,9,2,2.0,04:02,5,2042.0,0.0,CLE,37.0,63.0,15,-6,0.0,0.0,CLE
239,239,239,239,2009-09-13,2009091304,9,2,3.0,03:20,4,2000.0,42.0,CLE,36.0,64.0,16,5,0.0,0.0,CLE
240,240,240,240,2009-09-13,2009091304,9,2,4.0,02:30,3,1950.0,50.0,CLE,47.0,53.0,5,5,0.0,1.0,CLE
241,241,241,241,2009-09-13,2009091304,10,2,1.0,02:23,3,1943.0,7.0,MIN,15.0,85.0,10,0,0.0,0.0,MIN
242,242,242,242,2009-09-13,2009091304,10,2,2.0,02:19,3,1939.0,4.0,MIN,15.0,85.0,10,-6,0.0,0.0,MIN
243,243,243,243,2009-09-13,2009091304,10,2,,02:00,2,1920.0,19.0,MIN,15.0,15.0,0,-6,0.0,0.0,
244,244,244,244,2009-09-13,2009091304,10,2,3.0,02:00,2,1920.0,0.0,MIN,9.0,91.0,16,4,0.0,0.0,MIN
245,245,245,245,2009-09-13,2009091304,10,2,,01:46,2,1906.0,14.0,MIN,9.0,9.0,0,4,0.0,0.0,
246,246,246,246,2009-09-13,2009091304,10,2,4.0,01:46,2,1906.0,0.0,MIN,19.0,81.0,6,4,0.0,0.0,MIN
247,247,247,247,2009-09-13,2009091304,11,2,,01:30,2,1890.0,16.0,CLE,30.0,30.0,0,0,0.0,,MIN
248,248,248,248,2009-09-13,2009091304,11,2,1.0,01:24,2,1884.0,6.0,MIN,26.0,74.0,10,0,0.0,0.0,MIN
249,249,249,249,2009-09-13,2009091304,11,2,2.0,01:20,2,1880.0,4.0,MIN,26.0,74.0,10,8,0.0,0.0,MIN
250,250,250,250,2009-09-13,2009091304,11,2,3.0,01:14,2,1874.0,6.0,MIN,34.0,66.0,2,8,0.0,0.0,MIN
251,251,251,251,2009-09-13,2009091304,11,2,4.0,01:11,2,1871.0,3.0,MIN,34.0,66.0,2,8,0.0,1.0,MIN
252,252,252,252,2009-09-13,2009091304,12,2,1.0,01:04,2,1864.0,7.0,CLE,39.0,61.0,10,0,0.0,0.0,CLE
253,253,253,253,2009-09-13,2009091304,12,2,2.0,01:00,1,1860.0,4.0,CLE,39.0,61.0,10,2,0.0,0.0,CLE
254,254,254,254,2009-09-13,2009091304,12,2,3.0,00:15,1,1815.0,45.0,CLE,41.0,59.0,8,1,0.0,0.0,CLE
255,255,255,255,2009-09-13,2009091304,12,2,,00:00,0,1800.0,15.0,CLE,41.0,41.0,0,1,0.0,0.0,
256,256,256,256,2009-09-13,2009091304,13,3,,15:00,15,1800.0,0.0,CLE,30.0,30.0,0,0,0.0,,MIN
257,257,257,257,2009-09-13,2009091304,13,3,1.0,14:50,15,1790.0,10.0,MIN,45.0,55.0,10,5,0.0,0.0,MIN
258,258,258,258,2009-09-13,2009091304,13,3,2.0,14:15,15,1755.0,35.0,MID,50.0,50.0,5,11,0.0,1.0,MIN
259,259,259,259,2009-09-13,2009091304,13,3,1.0,13:41,14,1721.0,34.0,CLE,44.0,44.0,10,22,0.0,1.0,MIN
260,260,260,260,2009-09-13,2009091304,13,3,1.0,13:41,14,1721.0,0.0,CLE,33.0,33.0,10,17,0.0,1.0,MIN
261,261,261,261,2009-09-13,2009091304,13,3,1.0,12:47,13,1667.0,54.0,CLE,38.0,38.0,15,22,0.0,0.0,MIN
262,262,262,262,2009-09-13,2009091304,13,3,2.0,12:40,13,1660.0,7.0,CLE,38.0,38.0,15,22,0.0,0.0,MIN
263,263,263,263,2009-09-13,2009091304,13,3,3.0,12:09,13,1629.0,31.0,CLE,33.0,33.0,10,35,0.0,1.0,MIN
264,264,264,264,2009-09-13,2009091304,13,3,1.0,11:31,12,1591.0,38.0,CLE,20.0,20.0,10,51,0.0,1.0,MIN
265,265,265,265,2009-09-13,2009091304,13,3,1.0,11:26,12,1586.0,5.0,CLE,4.0,4.0,4,54,1.0,0.0,MIN
266,266,266,266,2009-09-13,2009091304,13,3,2.0,10:51,11,1551.0,35.0,CLE,1.0,1.0,1,54,1.0,0.0,MIN
267,267,267,267,2009-09-13,2009091304,13,3,3.0,10:10,11,1510.0,41.0,CLE,1.0,1.0,1,55,1.0,0.0,MIN
268,268,268,268,2009-09-13,2009091304,13,3,,10:07,11,1507.0,3.0,CLE,2.0,2.0,0,55,0.0,0.0,MIN
269,269,269,269,2009-09-13,2009091304,14,3,,10:07,11,1507.0,0.0,MIN,30.0,30.0,0,0,0.0,,CLE
270,270,270,270,2009-09-13,2009091304,14,3,1.0,09:59,10,1499.0,8.0,CLE,28.0,72.0,10,14,0.0,1.0,CLE
271,271,271,271,2009-09-13,2009091304,14,3,1.0,09:22,10,1462.0,37.0,CLE,42.0,58.0,10,22,0.0,0.0,CLE
272,272,272,272,2009-09-13,2009091304,14,3,2.0,08:45,9,1425.0,37.0,MID,50.0,50.0,2,22,0.0,1.0,CLE
273,273,273,273,2009-09-13,2009091304,15,3,1.0,08:38,9,1418.0,7.0,MIN,18.0,82.0,10,2,0.0,0.0,MIN
274,274,274,274,2009-09-13,2009091304,15,3,2.0,07:53,8,1373.0,45.0,MIN,20.0,80.0,8,9,0.0,0.0,MIN
275,275,275,275,2009-09-13,2009091304,15,3,3.0,07:14,8,1334.0,39.0,MIN,27.0,73.0,1,11,0.0,1.0,MIN
276,276,276,276,2009-09-13,2009091304,15,3,1.0,06:31,7,1291.0,43.0,MIN,29.0,71.0,10,3,0.0,0.0,MIN
277,277,277,277,2009-09-13,2009091304,15,3,2.0,06:09,7,1269.0,22.0,MIN,21.0,79.0,18,24,0.0,1.0,MIN
278,278,278,278,2009-09-13,2009091304,15,3,1.0,05:33,6,1233.0,36.0,MIN,42.0,58.0,10,30,0.0,0.0,MIN
279,279,279,279,2009-09-13,2009091304,15,3,2.0,05:02,6,1202.0,31.0,MIN,48.0,52.0,4,37,0.0,1.0,MIN
280,280,280,280,2009-09-13,2009091304,15,3,1.0,04:33,5,1173.0,29.0,CLE,45.0,45.0,10,42,0.0,0.0,MIN
281,281,281,281,2009-09-13,2009091304,15,3,2.0,03:51,4,1131.0,42.0,CLE,40.0,40.0,5,50,0.0,1.0,MIN
282,282,282,282,2009-09-13,2009091304,15,3,1.0,03:11,4,1091.0,40.0,CLE,32.0,32.0,10,69,0.0,1.0,MIN
283,283,283,283,2009-09-13,2009091304,15,3,1.0,02:31,3,1051.0,40.0,CLE,13.0,13.0,10,67,0.0,0.0,MIN
284,284,284,284,2009-09-13,2009091304,15,3,2.0,01:51,2,1011.0,40.0,CLE,15.0,15.0,12,76,0.0,0.0,MIN
285,285,285,285,2009-09-13,2009091304,15,3,3.0,01:12,2,972.0,39.0,CLE,6.0,6.0,3,82,0.0,0.0,MIN
286,286,286,286,2009-09-13,2009091304,15,3,,01:06,2,966.0,6.0,CLE,2.0,2.0,0,82,0.0,0.0,MIN
287,287,287,287,2009-09-13,2009091304,16,3,,01:06,2,966.0,0.0,MIN,30.0,30.0,0,0,0.0,,CLE
288,288,288,288,2009-09-13,2009091304,16,3,1.0,01:00,1,960.0,6.0,CLE,19.0,81.0,10,11,0.0,1.0,CLE
289,289,289,289,2009-09-13,2009091304,16,3,1.0,00:34,1,934.0,26.0,CLE,30.0,70.0,10,13,0.0,0.0,CLE
290,290,290,290,2009-09-13,2009091304,16,3,2.0,00:03,1,903.0,31.0,CLE,32.0,68.0,8,16,0.0,0.0,CLE
291,291,291,291,2009-09-13,2009091304,16,3,,00:00,0,900.0,3.0,CLE,32.0,32.0,0,16,0.0,0.0,
292,292,292,292,2009-09-13,2009091304,16,4,3.0,15:00,15,900.0,0.0,CLE,35.0,65.0,5,21,0.0,1.0,CLE
293,293,293,293,2009-09-13,2009091304,16,4,1.0,15:00,15,900.0,0.0,CLE,40.0,60.0,10,33,0.0,1.0,CLE
294,294,294,294,2009-09-13,2009091304,16,4,1.0,14:25,15,865.0,35.0,MIN,48.0,48.0,10,33,0.0,0.0,CLE
295,295,295,295,2009-09-13,2009091304,16,4,2.0,14:19,15,859.0,6.0,MIN,48.0,48.0,10,35,0.0,0.0,CLE
296,296,296,296,2009-09-13,2009091304,16,4,3.0,14:19,15,859.0,0.0,MIN,46.0,46.0,8,30,0.0,0.0,CLE
297,297,297,297,2009-09-13,2009091304,16,4,3.0,13:28,14,808.0,51.0,CLE,49.0,51.0,13,30,0.0,0.0,CLE
298,298,298,298,2009-09-13,2009091304,16,4,4.0,13:23,14,803.0,5.0,CLE,49.0,51.0,13,30,0.0,1.0,CLE
299,299,299,299,2009-09-13,2009091304,17,4,1.0,13:15,14,795.0,8.0,MIN,12.0,88.0,10,12,0.0,1.0,MIN
300,300,300,300,2009-09-13,2009091304,17,4,1.0,12:47,13,767.0,28.0,MIN,24.0,76.0,10,12,0.0,0.0,MIN
301,301,301,301,2009-09-13,2009091304,17,4,2.0,12:43,13,763.0,4.0,MIN,24.0,76.0,10,16,0.0,0.0,MIN
302,302,302,302,2009-09-13,2009091304,17,4,3.0,12:01,13,721.0,42.0,MIN,28.0,72.0,6,16,0.0,0.0,MIN
303,303,303,303,2009-09-13,2009091304,17,4,4.0,11:55,12,715.0,6.0,MIN,28.0,72.0,6,16,0.0,1.0,MIN
304,304,304,304,2009-09-13,2009091304,18,4,1.0,11:43,12,703.0,12.0,CLE,27.0,73.0,10,1,0.0,0.0,CLE
305,305,305,305,2009-09-13,2009091304,18,4,2.0,11:20,12,680.0,23.0,CLE,28.0,72.0,9,8,0.0,0.0,CLE
306,306,306,306,2009-09-13,2009091304,18,4,3.0,10:57,11,657.0,23.0,CLE,35.0,65.0,2,3,0.0,0.0,CLE
307,307,307,307,2009-09-13,2009091304,18,4,3.0,10:39,11,639.0,18.0,CLE,30.0,70.0,7,13,0.0,1.0,CLE
308,308,308,308,2009-09-13,2009091304,18,4,1.0,10:15,11,615.0,24.0,CLE,40.0,60.0,10,7,0.0,1.0,CLE
309,309,309,309,2009-09-13,2009091304,19,4,1.0,10:01,11,601.0,14.0,CLE,34.0,34.0,10,3,0.0,0.0,MIN
310,310,310,310,2009-09-13,2009091304,19,4,2.0,09:26,10,566.0,35.0,CLE,31.0,31.0,7,22,0.0,1.0,MIN
311,311,311,311,2009-09-13,2009091304,19,4,1.0,08:55,9,535.0,31.0,CLE,12.0,12.0,10,24,0.0,0.0,MIN
312,312,312,312,2009-09-13,2009091304,19,4,2.0,08:11,9,491.0,44.0,CLE,10.0,10.0,8,17,0.0,0.0,MIN
313,313,313,313,2009-09-13,2009091304,19,4,3.0,07:38,8,458.0,33.0,CLE,17.0,17.0,15,14,0.0,0.0,MIN
314,314,314,314,2009-09-13,2009091304,19,4,4.0,06:59,7,419.0,39.0,CLE,20.0,20.0,18,14,0.0,0.0,MIN
315,315,315,315,2009-09-13,2009091304,20,4,,06:55,7,415.0,4.0,MIN,30.0,30.0,0,0,0.0,,CLE
316,316,316,316,2009-09-13,2009091304,20,4,1.0,06:48,7,408.0,7.0,CLE,26.0,74.0,10,-5,0.0,1.0,CLE
317,317,317,317,2009-09-13,2009091304,20,4,1.0,06:48,7,408.0,0.0,CLE,21.0,79.0,15,-5,0.0,0.0,CLE
318,318,318,318,2009-09-13,2009091304,20,4,2.0,06:45,7,405.0,3.0,CLE,21.0,79.0,15,-5,0.0,0.0,CLE
319,319,319,319,2009-09-13,2009091304,20,4,3.0,06:38,7,398.0,7.0,CLE,21.0,79.0,15,3,0.0,0.0,CLE
320,320,320,320,2009-09-13,2009091304,20,4,4.0,06:21,7,381.0,17.0,CLE,29.0,71.0,7,3,0.0,1.0,CLE
321,321,321,321,2009-09-13,2009091304,21,4,1.0,06:11,7,371.0,10.0,MIN,36.0,64.0,10,64,0.0,0.0,MIN
322,322,322,322,2009-09-13,2009091304,21,4,,05:58,6,358.0,13.0,CLE,2.0,2.0,0,64,0.0,0.0,MIN
323,323,323,323,2009-09-13,2009091304,22,4,,05:58,6,358.0,0.0,MIN,30.0,30.0,0,0,0.0,,CLE
324,324,324,324,2009-09-13,2009091304,22,4,1.0,05:53,6,353.0,5.0,CLE,19.0,81.0,10,-2,0.0,0.0,CLE
325,325,325,325,2009-09-13,2009091304,22,4,2.0,05:35,6,335.0,18.0,CLE,17.0,83.0,12,17,0.0,1.0,CLE
326,326,326,326,2009-09-13,2009091304,22,4,1.0,05:08,6,308.0,27.0,CLE,36.0,64.0,10,17,0.0,0.0,CLE
327,327,327,327,2009-09-13,2009091304,22,4,2.0,05:04,6,304.0,4.0,CLE,36.0,64.0,10,17,0.0,0.0,CLE
328,328,328,328,2009-09-13,2009091304,22,4,3.0,05:00,5,300.0,4.0,CLE,36.0,64.0,10,17,0.0,0.0,CLE
329,329,329,329,2009-09-13,2009091304,22,4,4.0,04:52,5,292.0,8.0,CLE,36.0,64.0,10,17,0.0,1.0,CLE
330,330,330,330,2009-09-13,2009091304,23,4,1.0,04:47,5,287.0,5.0,CLE,36.0,36.0,10,1,0.0,0.0,MIN
331,331,331,331,2009-09-13,2009091304,23,4,2.0,04:05,5,245.0,42.0,CLE,34.0,34.0,8,1,0.0,0.0,MIN
332,332,332,332,2009-09-13,2009091304,23,4,3.0,03:20,4,200.0,45.0,CLE,35.0,35.0,9,1,0.0,0.0,MIN
333,333,333,333,2009-09-13,2009091304,23,4,4.0,03:12,4,192.0,8.0,CLE,35.0,35.0,9,1,0.0,1.0,MIN
334,334,334,334,2009-09-13,2009091304,24,4,1.0,03:03,4,183.0,9.0,CLE,20.0,80.0,10,21,0.0,1.0,CLE
335,335,335,335,2009-09-13,2009091304,24,4,1.0,02:39,3,159.0,24.0,CLE,30.0,70.0,10,21,0.0,1.0,CLE
336,336,336,336,2009-09-13,2009091304,24,4,1.0,02:10,3,130.0,29.0,CLE,41.0,59.0,10,21,0.0,0.0,CLE
337,337,337,337,2009-09-13,2009091304,24,4,2.0,02:04,3,124.0,6.0,CLE,41.0,59.0,10,38,0.0,0.0,CLE
338,338,338,338,2009-09-13,2009091304,24,4,,01:56,2,116.0,8.0,CLE,41.0,41.0,0,38,0.0,,
339,339,339,339,2009-09-13,2009091304,24,4,1.0,01:56,2,116.0,0.0,MIN,42.0,42.0,10,43,0.0,0.0,CLE
340,340,340,340,2009-09-13,2009091304,24,4,2.0,01:37,2,97.0,19.0,MIN,37.0,37.0,5,54,0.0,1.0,CLE
341,341,341,341,2009-09-13,2009091304,24,4,1.0,01:14,2,74.0,23.0,MIN,26.0,26.0,10,44,0.0,1.0,CLE
342,342,342,342,2009-09-13,2009091304,24,4,1.0,01:08,2,68.0,6.0,MIN,36.0,36.0,20,62,0.0,0.0,CLE
343,343,343,343,2009-09-13,2009091304,24,4,,00:59,1,59.0,9.0,MIN,36.0,36.0,0,62,0.0,0.0,
344,344,344,344,2009-09-13,2009091304,24,4,2.0,00:59,1,59.0,0.0,MIN,18.0,18.0,2,80,0.0,0.0,CLE
345,345,345,345,2009-09-13,2009091304,24,4,3.0,00:35,1,35.0,24.0,MIN,26.0,26.0,10,80,0.0,0.0,CLE
346,346,346,346,2009-09-13,2009091304,24,4,,00:28,1,28.0,7.0,MIN,2.0,2.0,0,80,0.0,0.0,CLE
347,347,347,347,2009-09-13,2009091304,25,4,,00:28,1,28.0,0.0,CLE,30.0,30.0,0,-1,0.0,,MIN
348,348,348,348,2009-09-13,2009091304,25,4,1.0,00:28,1,28.0,0.0,MIN,45.0,55.0,10,-1,0.0,0.0,MIN
349,349,349,349,2009-09-13,2009091304,25,4,,00:00,0,0.0,28.0,MIN,45.0,45.0,0,-1,0.0,0.0,MIN
350,350,350,350,2009-09-13,2009091307,1,1,,15:00,15,3600.0,0.0,DET,30.0,30.0,0,0,0.0,,NO
351,351,351,351,2009-09-13,2009091307,1,1,1.0,14:54,15,3594.0,6.0,NO,46.0,54.0,10,45,0.0,1.0,NO
352,352,352,352,2009-09-13,2009091307,1,1,1.0,14:15,15,3555.0,39.0,DET,40.0,40.0,10,45,0.0,1.0,NO
353,353,353,353,2009-09-13,2009091307,1,1,1.0,13:45,14,3525.0,30.0,DET,14.0,14.0,10,45,0.0,0.0,NO
354,354,354,354,2009-09-13,2009091307,1,1,2.0,13:00,13,3480.0,45.0,DET,9.0,9.0,5,45,0.0,0.0,NO
355,355,355,355,2009-09-13,2009091307,1,1,3.0,12:17,13,3437.0,43.0,DET,9.0,9.0,5,54,0.0,0.0,NO
356,356,356,356,2009-09-13,2009091307,1,1,,12:11,13,3431.0,6.0,DET,2.0,2.0,0,54,0.0,0.0,NO
357,357,357,357,2009-09-13,2009091307,2,1,,12:11,13,3431.0,0.0,NO,30.0,30.0,0,0,0.0,,DET
358,358,358,358,2009-09-13,2009091307,2,1,1.0,12:11,13,3431.0,0.0,DET,20.0,80.0,10,1,0.0,0.0,DET
359,359,359,359,2009-09-13,2009091307,2,1,2.0,11:39,12,3399.0,32.0,DET,21.0,79.0,9,5,0.0,0.0,DET
360,360,360,360,2009-09-13,2009091307,2,1,3.0,10:57,11,3357.0,42.0,DET,25.0,75.0,5,5,0.0,0.0,DET
361,361,361,361,2009-09-13,2009091307,2,1,4.0,10:51,11,3351.0,6.0,DET,25.0,75.0,5,5,0.0,1.0,DET
362,362,362,362,2009-09-13,2009091307,3,1,1.0,10:43,11,3343.0,8.0,NO,47.0,53.0,10,7,0.0,0.0,NO
363,363,363,363,2009-09-13,2009091307,3,1,2.0,10:06,11,3306.0,37.0,DET,46.0,46.0,3,53,0.0,1.0,NO
364,364,364,364,2009-09-13,2009091307,3,1,1.0,09:42,10,3282.0,24.0,DET,39.0,39.0,10,53,0.0,0.0,NO
365,365,365,365,2009-09-13,2009091307,3,1,,09:34,10,3274.0,8.0,DET,2.0,2.0,0,53,0.0,0.0,NO
366,366,366,366,2009-09-13,2009091307,4,1,,09:34,10,3274.0,0.0,NO,30.0,30.0,0,0,0.0,,DET
367,367,367,367,2009-09-13,2009091307,4,1,1.0,09:34,10,3274.0,0.0,DET,20.0,80.0,10,21,0.0,1.0,DET
368,368,368,368,2009-09-13,2009091307,4,1,1.0,09:00,9,3240.0,34.0,DET,41.0,59.0,10,25,0.0,0.0,DET
369,369,369,369,2009-09-13,2009091307,4,1,2.0,08:25,9,3205.0,35.0,DET,45.0,55.0,6,30,0.0,0.0,DET
370,370,370,370,2009-09-13,2009091307,4,1,3.0,07:50,8,3170.0,35.0,MID,50.0,50.0,1,34,0.0,1.0,DET
371,371,371,371,2009-09-13,2009091307,4,1,1.0,07:15,8,3135.0,35.0,NO,46.0,46.0,10,46,0.0,1.0,DET
372,372,372,372,2009-09-13,2009091307,4,1,1.0,06:36,7,3096.0,39.0,NO,34.0,34.0,10,46,0.0,0.0,DET
373,373,373,373,2009-09-13,2009091307,4,1,2.0,06:30,7,3090.0,6.0,NO,34.0,34.0,10,55,0.0,0.0,DET
374,374,374,374,2009-09-13,2009091307,4,1,3.0,05:57,6,3057.0,33.0,NO,25.0,25.0,1,51,0.0,0.0,DET
375,375,375,375,2009-09-13,2009091307,4,1,4.0,05:18,6,3018.0,39.0,NO,29.0,29.0,5,51,0.0,0.0,DET
376,376,376,376,2009-09-13,2009091307,5,1,,05:12,6,3012.0,6.0,DET,30.0,30.0,0,0,0.0,,NO
377,377,377,377,2009-09-13,2009091307,5,1,1.0,05:05,6,3005.0,7.0,NO,19.0,81.0,10,1,0.0,0.0,NO
378,378,378,378,2009-09-13,2009091307,5,1,2.0,04:35,5,2975.0,30.0,NO,20.0,80.0,9,1,0.0,0.0,NO
379,379,379,379,2009-09-13,2009091307,5,1,3.0,04:30,5,2970.0,5.0,NO,20.0,80.0,9,-4,0.0,0.0,NO
380,380,380,380,2009-09-13,2009091307,5,1,3.0,04:30,5,2970.0,0.0,NO,15.0,85.0,14,7,0.0,0.0,NO
381,381,381,381,2009-09-13,2009091307,5,1,4.0,03:49,4,2929.0,41.0,NO,26.0,74.0,3,7,0.0,1.0,NO
382,382,382,382,2009-09-13,2009091307,6,1,1.0,03:38,4,2918.0,11.0,DET,32.0,68.0,10,1,0.0,0.0,DET
383,383,383,383,2009-09-13,2009091307,6,1,2.0,03:10,4,2890.0,28.0,DET,33.0,67.0,9,1,0.0,0.0,DET
384,384,384,384,2009-09-13,2009091307,6,1,3.0,03:05,4,2885.0,5.0,DET,33.0,67.0,9,1,0.0,0.0,DET
385,385,385,385,2009-09-13,2009091307,6,1,4.0,03:01,4,2881.0,4.0,DET,33.0,67.0,9,1,0.0,1.0,DET
386,386,386,386,2009-09-13,2009091307,7,1,1.0,02:48,3,2868.0,13.0,NO,12.0,88.0,10,5,0.0,0.0,NO
387,387,387,387,2009-09-13,2009091307,7,1,2.0,02:10,3,2830.0,38.0,NO,17.0,83.0,5,7,0.0,0.0,NO
388,388,388,388,2009-09-13,2009091307,7,1,3.0,01:31,2,2791.0,39.0,NO,19.0,81.0,3,7,0.0,0.0,NO
389,389,389,389,2009-09-13,2009091307,7,1,4.0,01:25,2,2785.0,6.0,NO,19.0,81.0,3,7,0.0,1.0,NO
390,390,390,390,2009-09-13,2009091307,8,1,1.0,01:11,2,2771.0,14.0,NO,13.0,13.0,10,3,0.0,0.0,DET
391,391,391,391,2009-09-13,2009091307,8,1,2.0,00:40,1,2740.0,31.0,NO,10.0,10.0,7,2,0.0,0.0,DET
392,392,392,392,2009-09-13,2009091307,8,1,,00:00,0,2700.0,40.0,NO,10.0,10.0,0,2,0.0,0.0,
393,393,393,393,2009-09-13,2009091307,8,2,3.0,15:00,15,2700.0,0.0,NO,11.0,11.0,8,9,0.0,0.0,DET
394,394,394,394,2009-09-13,2009091307,8,2,,14:11,15,2651.0,49.0,NO,11.0,11.0,0,9,0.0,0.0,
395,395,395,395,2009-09-13,2009091307,8,2,4.0,14:11,15,2651.0,0.0,NO,4.0,4.0,1,13,0.0,0.0,DET
396,396,396,396,2009-09-13,2009091307,8,2,,14:06,15,2646.0,5.0,NO,2.0,2.0,0,13,0.0,0.0,DET
397,397,397,397,2009-09-13,2009091307,9,2,,14:06,15,2646.0,0.0,DET,30.0,30.0,0,0,0.0,,NO
398,398,398,398,2009-09-13,2009091307,9,2,1.0,14:01,15,2641.0,5.0,NO,19.0,81.0,10,8,0.0,0.0,NO
399,399,399,399,2009-09-13,2009091307,9,2,2.0,13:22,14,2602.0,39.0,NO,27.0,73.0,2,9,0.0,0.0,NO
400,400,400,400,2009-09-13,2009091307,9,2,3.0,12:40,13,2560.0,42.0,NO,28.0,72.0,1,13,0.0,1.0,NO
401,401,401,401,2009-09-13,2009091307,9,2,1.0,12:00,12,2520.0,40.0,NO,32.0,68.0,10,18,0.0,1.0,NO
402,402,402,402,2009-09-13,2009091307,9,2,1.0,11:39,12,2499.0,21.0,NO,37.0,63.0,5,22,0.0,0.0,NO
403,403,403,403,2009-09-13,2009091307,9,2,2.0,11:14,12,2474.0,25.0,NO,41.0,59.0,1,23,0.0,1.0,NO
404,404,404,404,2009-09-13,2009091307,9,2,1.0,10:38,11,2438.0,36.0,NO,42.0,58.0,10,23,0.0,1.0,NO
405,405,405,405,2009-09-13,2009091307,10,2,1.0,10:23,11,2423.0,15.0,DET,24.0,76.0,10,6,0.0,0.0,DET
406,406,406,406,2009-09-13,2009091307,10,2,2.0,09:48,10,2388.0,35.0,DET,30.0,70.0,4,6,0.0,0.0,DET
407,407,407,407,2009-09-13,2009091307,10,2,3.0,09:42,10,2382.0,6.0,DET,30.0,70.0,4,6,0.0,0.0,DET
408,408,408,408,2009-09-13,2009091307,10,2,4.0,09:03,10,2343.0,39.0,DET,30.0,70.0,4,6,0.0,1.0,DET
409,409,409,409,2009-09-13,2009091307,11,2,1.0,08:49,9,2329.0,14.0,NO,35.0,65.0,10,13,0.0,1.0,NO
410,410,410,410,2009-09-13,2009091307,11,2,1.0,08:17,9,2297.0,32.0,NO,48.0,52.0,10,13,0.0,0.0,NO
411,411,411,411,2009-09-13,2009091307,11,2,2.0,08:13,9,2293.0,4.0,NO,48.0,52.0,10,36,0.0,0.0,NO
412,412,412,412,2009-09-13,2009091307,11,2,3.0,07:36,8,2256.0,37.0,DET,43.0,43.0,1,36,0.0,1.0,NO
413,413,413,413,2009-09-13,2009091307,11,2,1.0,07:03,8,2223.0,33.0,DET,29.0,29.0,10,38,0.0,0.0,NO
414,414,414,414,2009-09-13,2009091307,11,2,2.0,06:31,7,2191.0,32.0,DET,27.0,27.0,8,42,0.0,0.0,NO
415,415,415,415,2009-09-13,2009091307,11,2,3.0,05:48,6,2148.0,43.0,DET,23.0,23.0,4,55,0.0,1.0,NO
416,416,416,416,2009-09-13,2009091307,11,2,1.0,05:06,6,2106.0,42.0,DET,10.0,10.0,10,62,1.0,0.0,NO
417,417,417,417,2009-09-13,2009091307,11,2,2.0,04:25,5,2065.0,41.0,DET,3.0,3.0,3,64,1.0,0.0,NO
418,418,418,418,2009-09-13,2009091307,11,2,,03:49,4,2029.0,36.0,DET,3.0,3.0,0,64,0.0,0.0,
419,419,419,419,2009-09-13,2009091307,11,2,3.0,03:49,4,2029.0,0.0,DET,1.0,1.0,1,65,1.0,0.0,NO
420,420,420,420,2009-09-13,2009091307,11,2,,03:45,4,2025.0,4.0,DET,2.0,2.0,0,65,0.0,0.0,NO
421,421,421,421,2009-09-13,2009091307,12,2,,03:45,4,2025.0,0.0,NO,45.0,45.0,0,0,0.0,,DET
422,422,422,422,2009-09-13,2009091307,12,2,1.0,03:45,4,2025.0,0.0,DET,20.0,80.0,10,8,0.0,0.0,DET
423,423,423,423,2009-09-13,2009091307,12,2,2.0,03:13,4,1993.0,32.0,DET,28.0,72.0,2,11,0.0,1.0,DET
424,424,424,424,2009-09-13,2009091307,12,2,1.0,02:43,3,1963.0,30.0,DET,31.0,69.0,10,4,0.0,0.0,DET
425,425,425,425,2009-09-13,2009091307,12,2,,02:36,3,1956.0,7.0,DET,31.0,31.0,0,4,0.0,0.0,
426,426,426,426,2009-09-13,2009091307,12,2,2.0,02:36,3,1956.0,0.0,DET,24.0,76.0,17,4,0.0,0.0,DET
427,427,427,427,2009-09-13,2009091307,12,2,3.0,02:32,3,1952.0,4.0,DET,24.0,76.0,17,4,0.0,0.0,DET
428,428,428,428,2009-09-13,2009091307,12,2,4.0,02:28,3,1948.0,4.0,DET,24.0,76.0,17,4,0.0,1.0,DET
429,429,429,429,2009-09-13,2009091307,13,2,1.0,02:21,3,1941.0,7.0,NO,41.0,59.0,10,20,0.0,0.0,NO
430,430,430,430,2009-09-13,2009091307,13,2,,02:00,2,1920.0,21.0,NO,41.0,41.0,0,20,0.0,,
431,431,431,431,2009-09-13,2009091307,13,2,1.0,02:00,2,1920.0,0.0,DET,39.0,39.0,10,26,0.0,0.0,NO
432,432,432,432,2009-09-13,2009091307,13,2,2.0,01:39,2,1899.0,21.0,DET,33.0,33.0,4,44,0.0,1.0,NO
433,433,433,433,2009-09-13,2009091307,13,2,1.0,01:17,2,1877.0,22.0,DET,15.0,15.0,10,59,0.0,0.0,NO
434,434,434,434,2009-09-13,2009091307,13,2,,01:10,2,1870.0,7.0,DET,2.0,2.0,0,59,0.0,0.0,NO
435,435,435,435,2009-09-13,2009091307,14,2,,01:10,2,1870.0,0.0,NO,30.0,30.0,0,6,0.0,0.0,DET
436,436,436,436,2009-09-13,2009091307,14,2,,01:03,2,1863.0,7.0,NO,30.0,30.0,0,0,0.0,0.0,
437,437,437,437,2009-09-13,2009091307,14,2,,01:11,2,1871.0,8.0,NO,30.0,30.0,0,0,0.0,0.0,DET
438,438,438,438,2009-09-13,2009091307,14,2,,01:03,2,1863.0,8.0,NO,30.0,30.0,0,0,0.0,,
439,439,439,439,2009-09-13,2009091307,14,2,1.0,01:03,2,1863.0,0.0,DET,36.0,64.0,10,6,0.0,0.0,DET
440,440,440,440,2009-09-13,2009091307,14,2,2.0,00:59,1,1859.0,4.0,DET,36.0,64.0,10,6,0.0,0.0,DET
441,441,441,441,2009-09-13,2009091307,14,2,3.0,00:54,1,1854.0,5.0,DET,41.0,59.0,5,6,0.0,0.0,DET
442,442,442,442,2009-09-13,2009091307,14,2,4.0,00:50,1,1850.0,4.0,DET,42.0,58.0,5,6,0.0,1.0,DET
443,443,443,443,2009-09-13,2009091307,15,2,1.0,00:39,1,1839.0,11.0,NO,15.0,15.0,10,-5,0.0,1.0,DET
444,444,444,444,2009-09-13,2009091307,15,2,1.0,00:39,1,1839.0,0.0,NO,20.0,20.0,15,-5,0.0,1.0,DET
445,445,445,445,2009-09-13,2009091307,16,2,1.0,00:27,1,1827.0,12.0,DET,30.0,30.0,10,14,0.0,0.0,NO
446,446,446,446,2009-09-13,2009091307,16,2,2.0,00:21,1,1821.0,6.0,DET,30.0,30.0,10,14,0.0,1.0,NO
447,447,447,447,2009-09-13,2009091307,16,2,1.0,00:16,1,1816.0,5.0,DET,15.0,15.0,10,14,0.0,0.0,NO
448,448,448,448,2009-09-13,2009091307,16,2,2.0,00:11,1,1811.0,5.0,DET,15.0,15.0,10,14,0.0,0.0,NO
449,449,449,449,2009-09-13,2009091307,16,2,,00:07,1,1807.0,4.0,DET,15.0,15.0,0,14,0.0,0.0,
450,450,450,450,2009-09-13,2009091307,16,2,3.0,00:07,1,1807.0,0.0,DET,16.0,16.0,11,14,0.0,1.0,NO
451,451,451,451,2009-09-13,2009091307,17,2,1.0,00:01,1,1801.0,6.0,DET,16.0,84.0,10,-1,0.0,0.0,DET
452,452,452,452,2009-09-13,2009091307,17,2,,00:00,0,1800.0,1.0,DET,16.0,16.0,0,-1,0.0,0.0,
453,453,453,453,2009-09-13,2009091307,18,3,,15:00,15,1800.0,0.0,NO,30.0,30.0,0,0,0.0,,DET
454,454,454,454,2009-09-13,2009091307,18,3,1.0,14:51,15,1791.0,9.0,DET,29.0,71.0,10,4,0.0,0.0,DET
455,455,455,455,2009-09-13,2009091307,18,3,2.0,14:16,15,1756.0,35.0,DET,33.0,67.0,6,4,0.0,0.0,DET
456,456,456,456,2009-09-13,2009091307,18,3,3.0,14:11,15,1751.0,5.0,DET,33.0,67.0,6,68,0.0,1.0,DET
457,457,457,457,2009-09-13,2009091307,18,3,1.0,13:35,14,1715.0,36.0,NO,3.0,3.0,3,69,1.0,0.0,DET
458,458,458,458,2009-09-13,2009091307,18,3,2.0,12:56,13,1676.0,39.0,NO,2.0,2.0,2,69,1.0,0.0,DET
459,459,459,459,2009-09-13,2009091307,18,3,3.0,12:14,13,1634.0,42.0,NO,2.0,2.0,2,71,1.0,1.0,DET
460,460,460,460,2009-09-13,2009091307,18,3,1.0,12:11,13,1631.0,3.0,NO,1.0,1.0,1,71,1.0,1.0,DET
461,461,461,461,2009-09-13,2009091307,18,3,1.0,11:50,12,1610.0,21.0,NO,1.0,1.0,1,71,1.0,0.0,DET
462,462,462,462,2009-09-13,2009091307,18,3,,11:47,12,1607.0,3.0,NO,2.0,2.0,0,71,0.0,0.0,DET
463,463,463,463,2009-09-13,2009091307,19,3,,11:47,12,1607.0,0.0,DET,30.0,30.0,0,0,0.0,,NO
464,464,464,464,2009-09-13,2009091307,19,3,1.0,11:42,12,1602.0,5.0,NO,16.0,84.0,10,11,0.0,1.0,NO
465,465,465,465,2009-09-13,2009091307,19,3,1.0,11:00,11,1560.0,42.0,NO,27.0,73.0,10,12,0.0,0.0,NO
466,466,466,466,2009-09-13,2009091307,19,3,2.0,10:25,11,1525.0,35.0,NO,28.0,72.0,9,20,0.0,0.0,NO
467,467,467,467,2009-09-13,2009091307,19,3,3.0,09:48,10,1488.0,37.0,NO,36.0,64.0,1,42,0.0,1.0,NO
468,468,468,468,2009-09-13,2009091307,19,3,1.0,09:06,10,1446.0,42.0,DET,42.0,42.0,10,48,0.0,0.0,NO
469,469,469,469,2009-09-13,2009091307,19,3,2.0,08:24,9,1404.0,42.0,DET,36.0,36.0,4,56,0.0,1.0,NO
470,470,470,470,2009-09-13,2009091307,19,3,1.0,07:43,8,1363.0,41.0,DET,28.0,28.0,10,57,0.0,0.0,NO
471,471,471,471,2009-09-13,2009091307,19,3,2.0,07:07,8,1327.0,36.0,DET,27.0,27.0,9,52,0.0,0.0,NO
472,472,472,472,2009-09-13,2009091307,19,3,2.0,06:51,7,1311.0,16.0,DET,32.0,32.0,14,64,0.0,0.0,NO
473,473,473,473,2009-09-13,2009091307,19,3,3.0,06:20,7,1280.0,31.0,DET,20.0,20.0,2,64,0.0,0.0,NO
474,474,474,474,2009-09-13,2009091307,19,3,4.0,06:15,7,1275.0,5.0,DET,20.0,20.0,2,64,0.0,0.0,NO
475,475,475,475,2009-09-13,2009091307,20,3,,06:11,7,1271.0,4.0,NO,30.0,30.0,0,0,0.0,,DET
476,476,476,476,2009-09-13,2009091307,20,3,1.0,05:55,6,1255.0,16.0,NO,12.0,12.0,10,0,0.0,0.0,DET
477,477,477,477,2009-09-13,2009091307,20,3,2.0,05:16,6,1216.0,39.0,NO,12.0,12.0,10,11,0.0,1.0,DET
478,478,478,478,2009-09-13,2009091307,20,3,1.0,04:31,5,1171.0,45.0,NO,1.0,1.0,1,11,1.0,0.0,DET
479,479,479,479,2009-09-13,2009091307,20,3,2.0,03:54,4,1134.0,37.0,NO,1.0,1.0,1,6,1.0,0.0,DET
480,480,480,480,2009-09-13,2009091307,20,3,2.0,03:37,4,1117.0,17.0,NO,6.0,6.0,6,6,1.0,0.0,DET
481,481,481,481,2009-09-13,2009091307,20,3,3.0,03:30,4,1110.0,7.0,NO,6.0,6.0,6,6,1.0,0.0,DET
482,482,482,482,2009-09-13,2009091307,20,3,4.0,03:26,4,1106.0,4.0,NO,6.0,6.0,6,6,1.0,0.0,DET
483,483,483,483,2009-09-13,2009091307,21,3,,03:22,4,1102.0,4.0,DET,30.0,30.0,0,0,0.0,,NO
484,484,484,484,2009-09-13,2009091307,21,3,1.0,03:11,4,1091.0,11.0,NO,42.0,58.0,10,58,0.0,0.0,NO
485,485,485,485,2009-09-13,2009091307,21,3,,03:03,4,1083.0,8.0,DET,2.0,2.0,0,58,0.0,0.0,NO
486,486,486,486,2009-09-13,2009091307,22,3,,03:03,4,1083.0,0.0,NO,30.0,30.0,0,0,0.0,,DET
487,487,487,487,2009-09-13,2009091307,22,3,1.0,02:57,3,1077.0,6.0,DET,16.0,84.0,10,19,0.0,1.0,DET
488,488,488,488,2009-09-13,2009091307,22,3,1.0,02:19,3,1039.0,38.0,DET,35.0,65.0,10,19,0.0,0.0,DET
489,489,489,489,2009-09-13,2009091307,22,3,2.0,01:55,2,1015.0,24.0,DET,35.0,65.0,10,30,0.0,0.0,DET
490,490,490,490,2009-09-13,2009091307,22,3,3.0,01:52,2,1012.0,3.0,DET,35.0,65.0,10,19,0.0,1.0,DET
491,491,491,491,2009-09-13,2009091307,23,3,1.0,01:43,2,1003.0,9.0,DET,30.0,30.0,10,-2,0.0,0.0,NO
492,492,492,492,2009-09-13,2009091307,24,3,,01:29,2,989.0,14.0,DET,30.0,30.0,0,0,0.0,,NO
493,493,493,493,2009-09-13,2009091307,24,3,1.0,01:29,2,989.0,0.0,NO,22.0,78.0,10,78,0.0,0.0,NO
494,494,494,494,2009-09-13,2009091307,24,3,2.0,00:42,1,942.0,47.0,NO,30.0,70.0,2,9,0.0,0.0,NO
495,495,495,495,2009-09-13,2009091307,24,3,,00:00,0,900.0,42.0,NO,30.0,30.0,0,9,0.0,0.0,
496,496,496,496,2009-09-13,2009091307,24,4,3.0,15:00,15,900.0,0.0,NO,31.0,69.0,1,18,0.0,1.0,NO
497,497,497,497,2009-09-13,2009091307,24,4,1.0,14:26,15,866.0,34.0,NO,40.0,60.0,10,32,0.0,1.0,NO
498,498,498,498,2009-09-13,2009091307,24,4,1.0,13:44,14,824.0,42.0,DET,46.0,46.0,10,38,0.0,0.0,NO
499,499,499,499,2009-09-13,2009091307,24,4,2.0,13:08,14,788.0,36.0,DET,40.0,40.0,4,47,0.0,1.0,NO
500,500,500,500,2009-09-13,2009091307,24,4,1.0,12:28,13,748.0,40.0,DET,31.0,31.0,10,47,0.0,0.0,NO
501,501,501,501,2009-09-13,2009091307,24,4,2.0,11:49,12,709.0,39.0,DET,31.0,31.0,10,48,0.0,0.0,NO
502,502,502,502,2009-09-13,2009091307,24,4,3.0,11:06,12,666.0,43.0,DET,30.0,30.0,9,63,0.0,1.0,NO
503,503,503,503,2009-09-13,2009091307,24,4,1.0,10:20,11,620.0,46.0,DET,15.0,15.0,10,72,0.0,1.0,NO
504,504,504,504,2009-09-13,2009091307,24,4,1.0,09:54,10,594.0,26.0,DET,6.0,6.0,6,75,1.0,0.0,NO
505,505,505,505,2009-09-13,2009091307,24,4,2.0,09:12,10,552.0,42.0,DET,3.0,3.0,3,65,1.0,0.0,NO
506,506,506,506,2009-09-13,2009091307,24,4,2.0,08:44,9,524.0,28.0,DET,13.0,13.0,13,65,1.0,0.0,NO
507,507,507,507,2009-09-13,2009091307,24,4,3.0,08:38,9,518.0,6.0,DET,13.0,13.0,13,78,1.0,0.0,NO
508,508,508,508,2009-09-13,2009091307,24,4,,08:29,9,509.0,9.0,DET,2.0,2.0,0,78,0.0,0.0,NO
509,509,509,509,2009-09-13,2009091307,25,4,,08:29,9,509.0,0.0,NO,30.0,30.0,0,0,0.0,,DET
510,510,510,510,2009-09-13,2009091307,25,4,1.0,08:24,9,504.0,5.0,DET,17.0,83.0,10,33,0.0,0.0,DET
511,511,511,511,2009-09-13,2009091307,25,4,2.0,07:50,8,470.0,34.0,DET,26.0,74.0,1,10,0.0,1.0,DET
512,512,512,512,2009-09-13,2009091307,25,4,1.0,07:14,8,434.0,36.0,DET,27.0,73.0,10,10,0.0,0.0,DET
513,513,513,513,2009-09-13,2009091307,25,4,2.0,07:09,8,429.0,5.0,DET,27.0,73.0,10,10,0.0,0.0,DET
514,514,514,514,2009-09-13,2009091307,25,4,3.0,07:05,8,425.0,4.0,DET,27.0,73.0,10,19,0.0,0.0,DET
515,515,515,515,2009-09-13,2009091307,25,4,,06:18,7,378.0,47.0,DET,27.0,27.0,0,19,0.0,0.0,
516,516,516,516,2009-09-13,2009091307,25,4,4.0,06:18,7,378.0,0.0,DET,36.0,64.0,1,33,0.0,1.0,DET
517,517,517,517,2009-09-13,2009091307,25,4,1.0,05:54,6,354.0,24.0,MID,50.0,50.0,10,40,0.0,0.0,DET
518,518,518,518,2009-09-13,2009091307,25,4,2.0,05:23,6,323.0,31.0,NO,43.0,43.0,3,40,0.0,0.0,DET
519,519,519,519,2009-09-13,2009091307,25,4,3.0,05:18,6,318.0,5.0,NO,43.0,43.0,3,47,0.0,1.0,DET
520,520,520,520,2009-09-13,2009091307,25,4,1.0,05:02,6,302.0,16.0,NO,36.0,36.0,10,47,0.0,1.0,DET
521,521,521,521,2009-09-13,2009091307,26,4,1.0,04:48,5,288.0,14.0,DET,44.0,44.0,10,1,0.0,0.0,NO
522,522,522,522,2009-09-13,2009091307,26,4,2.0,04:11,5,251.0,37.0,DET,43.0,43.0,9,16,0.0,1.0,NO
523,523,523,523,2009-09-13,2009091307,26,4,1.0,03:30,4,210.0,41.0,DET,28.0,28.0,10,21,0.0,0.0,NO
524,524,524,524,2009-09-13,2009091307,26,4,2.0,02:46,3,166.0,44.0,DET,23.0,23.0,5,30,0.0,1.0,NO
525,525,525,525,2009-09-13,2009091307,26,4,1.0,02:03,3,123.0,43.0,DET,14.0,14.0,10,40,0.0,0.0,NO
526,526,526,526,2009-09-13,2009091307,26,4,,01:55,2,115.0,8.0,DET,14.0,14.0,0,40,0.0,,
527,527,527,527,2009-09-13,2009091307,26,4,1.0,01:55,2,115.0,0.0,DET,4.0,4.0,4,32,1.0,1.0,NO
528,528,528,528,2009-09-13,2009091307,26,4,1.0,01:50,2,110.0,5.0,DET,14.0,14.0,14,32,1.0,0.0,NO
529,529,529,529,2009-09-13,2009091307,26,4,2.0,01:03,2,63.0,47.0,DET,12.0,12.0,12,30,1.0,0.0,NO
530,530,530,530,2009-09-13,2009091307,26,4,3.0,00:21,1,21.0,42.0,DET,14.0,14.0,14,30,1.0,0.0,NO
531,531,531,531,2009-09-13,2009091307,26,4,,00:00,0,0.0,21.0,DET,14.0,14.0,0,30,0.0,0.0,NO
532,532,532,532,2009-09-13,2009091308,1,1,,15:00,15,3600.0,0.0,TB,30.0,30.0,0,0,0.0,,DAL
533,533,533,533,2009-09-13,2009091308,1,1,1.0,14:52,15,3592.0,8.0,DAL,36.0,64.0,10,-1,0.0,0.0,DAL
534,534,534,534,2009-09-13,2009091308,1,1,2.0,14:21,15,3561.0,31.0,DAL,35.0,65.0,11,6,0.0,0.0,DAL
535,535,535,535,2009-09-13,2009091308,1,1,3.0,13:36,14,3516.0,45.0,DAL,42.0,58.0,4,13,0.0,1.0,DAL
536,536,536,536,2009-09-13,2009091308,1,1,1.0,12:52,13,3472.0,44.0,DAL,49.0,51.0,10,26,0.0,1.0,DAL
537,537,537,537,2009-09-13,2009091308,1,1,1.0,12:17,13,3437.0,35.0,TB,38.0,38.0,10,38,0.0,1.0,DAL
538,538,538,538,2009-09-13,2009091308,1,1,1.0,11:49,12,3409.0,28.0,TB,26.0,26.0,10,29,0.0,0.0,DAL
539,539,539,539,2009-09-13,2009091308,1,1,2.0,11:10,12,3370.0,39.0,TB,35.0,35.0,19,31,0.0,0.0,DAL
540,540,540,540,2009-09-13,2009091308,1,1,,10:22,11,3322.0,48.0,TB,35.0,35.0,0,31,0.0,0.0,
541,541,541,541,2009-09-13,2009091308,1,1,3.0,10:22,11,3322.0,0.0,TB,33.0,33.0,17,31,0.0,0.0,DAL
542,542,542,542,2009-09-13,2009091308,1,1,4.0,09:42,10,3282.0,40.0,TB,33.0,33.0,17,31,0.0,0.0,DAL
543,543,543,543,2009-09-13,2009091308,2,1,,09:35,10,3275.0,7.0,DAL,30.0,30.0,0,0,0.0,,TB
544,544,544,544,2009-09-13,2009091308,2,1,1.0,09:35,10,3275.0,0.0,TB,20.0,80.0,10,2,0.0,0.0,TB
545,545,545,545,2009-09-13,2009091308,2,1,2.0,09:01,10,3241.0,34.0,TB,22.0,78.0,8,13,0.0,1.0,TB
546,546,546,546,2009-09-13,2009091308,2,1,1.0,08:16,9,3196.0,45.0,TB,33.0,67.0,10,32,0.0,1.0,TB
547,547,547,547,2009-09-13,2009091308,2,1,1.0,07:40,8,3160.0,36.0,DAL,48.0,48.0,10,46,0.0,1.0,TB
548,548,548,548,2009-09-13,2009091308,2,1,1.0,07:02,8,3122.0,38.0,DAL,34.0,34.0,10,60,0.0,1.0,TB
549,549,549,549,2009-09-13,2009091308,2,1,1.0,06:24,7,3084.0,38.0,DAL,20.0,20.0,10,55,0.0,1.0,TB
550,550,550,550,2009-09-13,2009091308,2,1,1.0,05:48,6,3048.0,36.0,DAL,25.0,25.0,15,59,0.0,0.0,TB
551,551,551,551,2009-09-13,2009091308,2,1,2.0,05:24,6,3024.0,24.0,DAL,21.0,21.0,11,60,0.0,0.0,TB
552,552,552,552,2009-09-13,2009091308,2,1,3.0,04:46,5,2986.0,38.0,DAL,20.0,20.0,10,60,0.0,0.0,TB
553,553,553,553,2009-09-13,2009091308,2,1,4.0,04:39,5,2979.0,7.0,DAL,20.0,20.0,10,60,0.0,1.0,TB
554,554,554,554,2009-09-13,2009091308,3,1,1.0,04:27,5,2967.0,12.0,TB,48.0,48.0,10,19,0.0,1.0,DAL
555,555,555,555,2009-09-13,2009091308,3,1,1.0,03:57,4,2937.0,30.0,TB,29.0,29.0,10,22,0.0,0.0,DAL
556,556,556,556,2009-09-13,2009091308,3,1,2.0,03:18,4,2898.0,39.0,TB,26.0,26.0,7,40,0.0,1.0,DAL
557,557,557,557,2009-09-13,2009091308,3,1,1.0,02:51,3,2871.0,27.0,TB,8.0,8.0,8,41,1.0,0.0,DAL
558,558,558,558,2009-09-13,2009091308,3,1,2.0,02:16,3,2836.0,35.0,TB,7.0,7.0,7,44,1.0,0.0,DAL
559,559,559,559,2009-09-13,2009091308,3,1,3.0,01:34,2,2794.0,42.0,TB,4.0,4.0,4,44,1.0,0.0,DAL
560,560,560,560,2009-09-13,2009091308,3,1,4.0,01:27,2,2787.0,7.0,TB,4.0,4.0,4,44,1.0,0.0,DAL
561,561,561,561,2009-09-13,2009091308,4,1,,01:22,2,2782.0,5.0,DAL,30.0,30.0,0,0,0.0,,TB
562,562,562,562,2009-09-13,2009091308,4,1,1.0,01:14,2,2774.0,8.0,TB,22.0,78.0,10,7,0.0,0.0,TB
563,563,563,563,2009-09-13,2009091308,4,1,2.0,00:42,1,2742.0,32.0,TB,29.0,71.0,3,13,0.0,0.0,TB
564,564,564,564,2009-09-13,2009091308,4,1,,00:00,0,2700.0,42.0,TB,29.0,29.0,0,13,0.0,,
565,565,565,565,2009-09-13,2009091308,4,2,1.0,15:00,15,2700.0,0.0,TB,35.0,65.0,10,27,0.0,1.0,TB
566,566,566,566,2009-09-13,2009091308,4,2,1.0,14:18,15,2658.0,42.0,TB,49.0,51.0,10,36,0.0,0.0,TB
567,567,567,567,2009-09-13,2009091308,4,2,2.0,13:41,14,2621.0,37.0,DAL,42.0,42.0,1,36,0.0,0.0,TB
568,568,568,568,2009-09-13,2009091308,4,2,3.0,13:05,14,2585.0,36.0,DAL,42.0,42.0,1,38,0.0,0.0,TB
569,569,569,569,2009-09-13,2009091308,4,2,,13:05,14,2585.0,0.0,DAL,42.0,42.0,0,38,0.0,,
570,570,570,570,2009-09-13,2009091308,4,2,1.0,12:25,13,2545.0,40.0,DAL,40.0,40.0,10,38,0.0,0.0,TB
571,571,571,571,2009-09-13,2009091308,4,2,2.0,12:18,13,2538.0,7.0,DAL,40.0,40.0,10,73,0.0,1.0,TB
572,572,572,572,2009-09-13,2009091308,4,2,1.0,11:45,12,2505.0,33.0,DAL,5.0,5.0,5,77,1.0,0.0,TB
573,573,573,573,2009-09-13,2009091308,4,2,2.0,11:05,12,2465.0,40.0,DAL,1.0,1.0,1,77,1.0,0.0,TB
574,574,574,574,2009-09-13,2009091308,4,2,3.0,10:26,11,2426.0,39.0,DAL,1.0,1.0,1,78,1.0,0.0,TB
575,575,575,575,2009-09-13,2009091308,4,2,,10:19,11,2419.0,7.0,DAL,2.0,2.0,0,78,0.0,0.0,TB
576,576,576,576,2009-09-13,2009091308,5,2,,10:19,11,2419.0,0.0,TB,30.0,30.0,0,0,0.0,,DAL
577,577,577,577,2009-09-13,2009091308,5,2,1.0,10:12,11,2412.0,7.0,DAL,17.0,83.0,10,23,0.0,1.0,DAL
578,578,578,578,2009-09-13,2009091308,5,2,1.0,09:48,10,2388.0,24.0,DAL,40.0,60.0,10,26,0.0,0.0,DAL
579,579,579,579,2009-09-13,2009091308,5,2,2.0,09:08,10,2348.0,40.0,DAL,43.0,57.0,7,26,0.0,0.0,DAL
580,580,580,580,2009-09-13,2009091308,5,2,3.0,09:00,9,2340.0,8.0,DAL,43.0,57.0,7,26,0.0,0.0,DAL
581,581,581,581,2009-09-13,2009091308,5,2,4.0,08:52,9,2332.0,8.0,DAL,43.0,57.0,7,26,0.0,1.0,DAL
582,582,582,582,2009-09-13,2009091308,6,2,1.0,08:42,9,2322.0,10.0,TB,20.0,80.0,10,30,0.0,1.0,TB
583,583,583,583,2009-09-13,2009091308,6,2,1.0,08:09,9,2289.0,33.0,MID,50.0,50.0,10,32,0.0,0.0,TB
584,584,584,584,2009-09-13,2009091308,6,2,2.0,07:34,8,2254.0,35.0,DAL,48.0,48.0,8,34,0.0,0.0,TB
585,585,585,585,2009-09-13,2009091308,6,2,3.0,06:50,7,2210.0,44.0,DAL,46.0,46.0,6,34,0.0,0.0,TB
586,586,586,586,2009-09-13,2009091308,6,2,4.0,06:43,7,2203.0,7.0,DAL,46.0,46.0,6,34,0.0,1.0,TB
587,587,587,587,2009-09-13,2009091308,7,2,1.0,06:33,7,2193.0,10.0,DAL,10.0,90.0,10,3,0.0,0.0,DAL
588,588,588,588,2009-09-13,2009091308,7,2,2.0,05:47,6,2147.0,46.0,DAL,13.0,87.0,7,3,0.0,0.0,DAL
589,589,589,589,2009-09-13,2009091308,7,2,3.0,05:37,6,2137.0,10.0,DAL,13.0,87.0,7,8,0.0,0.0,DAL
590,590,590,590,2009-09-13,2009091308,7,2,4.0,05:15,6,2115.0,22.0,DAL,18.0,82.0,2,13,0.0,1.0,DAL
591,591,591,591,2009-09-13,2009091308,7,2,1.0,05:06,6,2106.0,9.0,DAL,23.0,77.0,10,15,0.0,0.0,DAL
592,592,592,592,2009-09-13,2009091308,7,2,2.0,04:25,5,2065.0,41.0,DAL,25.0,75.0,8,15,0.0,0.0,DAL
593,593,593,593,2009-09-13,2009091308,7,2,3.0,04:20,5,2060.0,5.0,DAL,25.0,75.0,8,35,0.0,1.0,DAL
594,594,594,594,2009-09-13,2009091308,7,2,1.0,03:33,4,2013.0,47.0,DAL,45.0,55.0,10,35,0.0,0.0,DAL
595,595,595,595,2009-09-13,2009091308,7,2,2.0,03:26,4,2006.0,7.0,DAL,45.0,55.0,10,25,0.0,0.0,DAL
596,596,596,596,2009-09-13,2009091308,7,2,2.0,02:57,3,1977.0,29.0,DAL,35.0,65.0,20,25,0.0,0.0,DAL
597,597,597,597,2009-09-13,2009091308,7,2,,02:50,3,1970.0,7.0,DAL,35.0,35.0,0,25,0.0,0.0,
598,598,598,598,2009-09-13,2009091308,7,2,3.0,02:50,3,1970.0,0.0,DAL,35.0,65.0,20,26,0.0,0.0,DAL
599,599,599,599,2009-09-13,2009091308,7,2,4.0,02:15,3,1935.0,35.0,DAL,36.0,64.0,19,26,0.0,1.0,DAL
600,600,600,600,2009-09-13,2009091308,8,2,1.0,02:00,2,1920.0,15.0,TB,14.0,86.0,10,-1,0.0,0.0,TB
601,601,601,601,2009-09-13,2009091308,8,2,2.0,01:20,2,1880.0,40.0,TB,13.0,87.0,11,0,0.0,0.0,TB
602,602,602,602,2009-09-13,2009091308,8,2,3.0,01:12,2,1872.0,8.0,TB,14.0,86.0,10,4,0.0,0.0,TB
603,603,603,603,2009-09-13,2009091308,8,2,,01:08,2,1868.0,4.0,TB,14.0,14.0,0,4,0.0,0.0,
604,604,604,604,2009-09-13,2009091308,8,2,4.0,01:08,2,1868.0,0.0,TB,18.0,82.0,6,4,0.0,1.0,TB
605,605,605,605,2009-09-13,2009091308,9,2,1.0,01:02,2,1862.0,6.0,DAL,44.0,56.0,10,9,0.0,0.0,DAL
606,606,606,606,2009-09-13,2009091308,9,2,2.0,00:55,1,1855.0,7.0,TB,47.0,47.0,1,14,0.0,1.0,DAL
607,607,607,607,2009-09-13,2009091308,9,2,1.0,00:55,1,1855.0,0.0,TB,42.0,42.0,10,56,0.0,0.0,DAL
608,608,608,608,2009-09-13,2009091308,9,2,,00:46,1,1846.0,9.0,TB,2.0,2.0,0,56,0.0,0.0,DAL
609,609,609,609,2009-09-13,2009091308,10,2,,00:46,1,1846.0,0.0,DAL,30.0,30.0,0,0,0.0,,TB
610,610,610,610,2009-09-13,2009091308,10,2,1.0,00:38,1,1838.0,8.0,TB,22.0,78.0,10,3,0.0,0.0,TB
611,611,611,611,2009-09-13,2009091308,10,2,2.0,00:16,1,1816.0,22.0,TB,25.0,75.0,7,50,0.0,0.0,TB
612,612,612,612,2009-09-13,2009091308,10,2,,00:07,1,1807.0,9.0,TB,25.0,25.0,0,50,0.0,,
613,613,613,613,2009-09-13,2009091308,10,2,1.0,00:07,1,1807.0,0.0,DAL,28.0,28.0,10,50,0.0,0.0,TB
614,614,614,614,2009-09-13,2009091308,10,2,,00:02,1,1802.0,5.0,DAL,28.0,28.0,0,50,0.0,0.0,
615,615,615,615,2009-09-13,2009091308,10,2,2.0,00:02,1,1802.0,0.0,DAL,28.0,28.0,10,50,0.0,0.0,TB
616,616,616,616,2009-09-13,2009091308,11,3,,15:00,15,1800.0,2.0,DAL,30.0,30.0,0,0,0.0,,TB
617,617,617,617,2009-09-13,2009091308,11,3,1.0,15:00,15,1800.0,0.0,TB,20.0,80.0,10,2,0.0,0.0,TB
618,618,618,618,2009-09-13,2009091308,11,3,2.0,14:26,15,1766.0,34.0,TB,22.0,78.0,8,16,0.0,1.0,TB
619,619,619,619,2009-09-13,2009091308,11,3,1.0,13:44,14,1724.0,42.0,TB,36.0,64.0,10,16,0.0,0.0,TB
620,620,620,620,2009-09-13,2009091308,11,3,2.0,13:37,14,1717.0,7.0,TB,36.0,64.0,10,21,0.0,0.0,TB
621,621,621,621,2009-09-13,2009091308,11,3,3.0,12:56,13,1676.0,41.0,TB,41.0,59.0,5,21,0.0,0.0,TB
622,622,622,622,2009-09-13,2009091308,11,3,4.0,12:48,13,1668.0,8.0,TB,41.0,59.0,5,21,0.0,1.0,TB
623,623,623,623,2009-09-13,2009091308,12,3,1.0,12:40,13,1660.0,8.0,DAL,21.0,79.0,10,13,0.0,1.0,DAL
624,624,624,624,2009-09-13,2009091308,12,3,1.0,12:12,13,1632.0,28.0,DAL,34.0,66.0,10,13,0.0,0.0,DAL
625,625,625,625,2009-09-13,2009091308,12,3,2.0,11:34,12,1594.0,38.0,DAL,34.0,66.0,10,79,0.0,0.0,DAL
626,626,626,626,2009-09-13,2009091308,12,3,,11:23,12,1583.0,11.0,TB,2.0,2.0,0,79,0.0,0.0,DAL
627,627,627,627,2009-09-13,2009091308,13,3,,11:23,12,1583.0,0.0,DAL,30.0,30.0,0,0,0.0,,TB
628,628,628,628,2009-09-13,2009091308,13,3,1.0,11:23,12,1583.0,0.0,TB,20.0,80.0,10,4,0.0,0.0,TB
629,629,629,629,2009-09-13,2009091308,13,3,2.0,10:47,11,1547.0,36.0,TB,24.0,76.0,6,6,0.0,0.0,TB
630,630,630,630,2009-09-13,2009091308,13,3,3.0,10:11,11,1511.0,36.0,TB,26.0,74.0,4,8,0.0,0.0,TB
631,631,631,631,2009-09-13,2009091308,13,3,4.0,09:29,10,1469.0,42.0,TB,28.0,72.0,2,8,0.0,1.0,TB
632,632,632,632,2009-09-13,2009091308,14,3,1.0,09:15,10,1455.0,14.0,DAL,14.0,86.0,10,6,0.0,0.0,DAL
633,633,633,633,2009-09-13,2009091308,14,3,2.0,08:37,9,1417.0,38.0,DAL,20.0,80.0,4,5,0.0,0.0,DAL
634,634,634,634,2009-09-13,2009091308,14,3,3.0,07:52,8,1372.0,45.0,DAL,19.0,81.0,5,5,0.0,0.0,DAL
635,635,635,635,2009-09-13,2009091308,14,3,4.0,07:46,8,1366.0,6.0,DAL,19.0,81.0,5,5,0.0,1.0,DAL
636,636,636,636,2009-09-13,2009091308,15,3,1.0,07:33,8,1353.0,13.0,TB,42.0,58.0,10,1,0.0,0.0,TB
637,637,637,637,2009-09-13,2009091308,15,3,2.0,06:56,7,1316.0,37.0,TB,43.0,57.0,9,1,0.0,0.0,TB
638,638,638,638,2009-09-13,2009091308,15,3,3.0,06:49,7,1309.0,7.0,TB,43.0,57.0,9,4,0.0,0.0,TB
639,639,639,639,2009-09-13,2009091308,15,3,4.0,06:11,7,1271.0,38.0,TB,46.0,54.0,6,4,0.0,1.0,TB
640,640,640,640,2009-09-13,2009091308,16,3,1.0,05:58,6,1258.0,13.0,DAL,12.0,88.0,10,5,0.0,0.0,DAL
641,641,641,641,2009-09-13,2009091308,16,3,2.0,05:24,6,1224.0,34.0,DAL,17.0,83.0,5,8,0.0,0.0,DAL
642,642,642,642,2009-09-13,2009091308,16,3,3.0,04:38,5,1178.0,46.0,DAL,20.0,80.0,2,26,0.0,1.0,DAL
643,643,643,643,2009-09-13,2009091308,16,3,1.0,04:07,5,1147.0,31.0,DAL,38.0,62.0,10,26,0.0,0.0,DAL
644,644,644,644,2009-09-13,2009091308,16,3,2.0,03:59,4,1139.0,8.0,DAL,38.0,62.0,10,26,0.0,0.0,DAL
645,645,645,645,2009-09-13,2009091308,16,3,3.0,03:54,4,1134.0,5.0,DAL,38.0,62.0,10,26,0.0,0.0,DAL
646,646,646,646,2009-09-13,2009091308,16,3,4.0,03:48,4,1128.0,6.0,DAL,38.0,62.0,10,26,0.0,1.0,DAL
647,647,647,647,2009-09-13,2009091308,17,3,1.0,03:36,4,1116.0,12.0,TB,16.0,84.0,10,12,0.0,1.0,TB
648,648,648,648,2009-09-13,2009091308,17,3,1.0,02:58,3,1078.0,38.0,TB,28.0,72.0,10,9,0.0,0.0,TB
649,649,649,649,2009-09-13,2009091308,17,3,2.0,02:26,3,1046.0,32.0,TB,25.0,75.0,13,31,0.0,1.0,TB
650,650,650,650,2009-09-13,2009091308,17,3,1.0,02:03,3,1023.0,23.0,TB,47.0,53.0,10,39,0.0,1.0,TB
651,651,651,651,2009-09-13,2009091308,17,3,1.0,01:53,2,1013.0,10.0,DAL,48.0,48.0,10,39,0.0,0.0,TB
652,652,652,652,2009-09-13,2009091308,17,3,2.0,01:11,2,971.0,42.0,DAL,45.0,45.0,7,46,0.0,1.0,TB
653,653,653,653,2009-09-13,2009091308,17,3,1.0,00:25,1,925.0,46.0,DAL,38.0,38.0,10,46,0.0,0.0,TB
654,654,654,654,2009-09-13,2009091308,17,3,2.0,00:19,1,919.0,6.0,DAL,38.0,38.0,10,66,0.0,0.0,TB
655,655,655,655,2009-09-13,2009091308,17,3,,00:00,0,900.0,19.0,DAL,38.0,38.0,0,66,0.0,,
656,656,656,656,2009-09-13,2009091308,17,4,1.0,15:00,15,900.0,0.0,DAL,18.0,18.0,10,66,0.0,0.0,TB
657,657,657,657,2009-09-13,2009091308,17,4,2.0,14:53,15,893.0,7.0,DAL,18.0,18.0,10,70,0.0,0.0,TB
658,658,658,658,2009-09-13,2009091308,17,4,3.0,14:04,15,844.0,49.0,DAL,14.0,14.0,6,83,0.0,1.0,TB
659,659,659,659,2009-09-13,2009091308,17,4,1.0,13:50,14,830.0,14.0,DAL,1.0,1.0,1,84,1.0,0.0,TB
660,660,660,660,2009-09-13,2009091308,17,4,,13:45,14,825.0,5.0,DAL,2.0,2.0,0,84,0.0,0.0,TB
661,661,661,661,2009-09-13,2009091308,18,4,,13:45,14,825.0,0.0,TB,30.0,30.0,0,0,0.0,,DAL
662,662,662,662,2009-09-13,2009091308,18,4,1.0,13:38,14,818.0,7.0,DAL,19.0,81.0,10,1,0.0,0.0,DAL
663,663,663,663,2009-09-13,2009091308,18,4,2.0,12:56,13,776.0,42.0,DAL,20.0,80.0,9,81,0.0,0.0,DAL
664,664,664,664,2009-09-13,2009091308,18,4,,12:43,13,763.0,13.0,TB,2.0,2.0,0,81,0.0,0.0,DAL
665,665,665,665,2009-09-13,2009091308,19,4,,12:43,13,763.0,0.0,DAL,30.0,30.0,0,0,0.0,,TB
666,666,666,666,2009-09-13,2009091308,19,4,1.0,12:34,13,754.0,9.0,TB,31.0,69.0,10,6,0.0,0.0,TB
667,667,667,667,2009-09-13,2009091308,19,4,2.0,12:12,13,732.0,22.0,TB,37.0,63.0,4,11,0.0,1.0,TB
668,668,668,668,2009-09-13,2009091308,19,4,1.0,11:30,12,690.0,42.0,TB,42.0,58.0,10,11,0.0,0.0,TB
669,669,669,669,2009-09-13,2009091308,19,4,2.0,11:22,12,682.0,8.0,TB,42.0,58.0,10,24,0.0,1.0,TB
670,670,670,670,2009-09-13,2009091308,19,4,1.0,10:43,11,643.0,39.0,DAL,45.0,45.0,10,24,0.0,0.0,TB
671,671,671,671,2009-09-13,2009091308,19,4,2.0,10:36,11,636.0,7.0,DAL,45.0,45.0,10,30,0.0,0.0,TB
672,672,672,672,2009-09-13,2009091308,19,4,3.0,09:52,10,592.0,44.0,DAL,39.0,39.0,4,40,0.0,1.0,TB
673,673,673,673,2009-09-13,2009091308,19,4,1.0,09:19,10,559.0,33.0,DAL,29.0,29.0,10,43,0.0,0.0,TB
674,674,674,674,2009-09-13,2009091308,19,4,2.0,08:36,9,516.0,43.0,DAL,26.0,26.0,7,43,0.0,0.0,TB
675,675,675,675,2009-09-13,2009091308,19,4,3.0,08:31,9,511.0,5.0,DAL,26.0,26.0,7,43,0.0,0.0,TB
676,676,676,676,2009-09-13,2009091308,19,4,4.0,07:44,8,464.0,47.0,DAL,26.0,26.0,7,43,0.0,1.0,TB
677,677,677,677,2009-09-13,2009091308,20,4,1.0,07:38,8,458.0,6.0,DAL,26.0,74.0,10,4,0.0,0.0,DAL
678,678,678,678,2009-09-13,2009091308,20,4,2.0,06:58,7,418.0,40.0,DAL,30.0,70.0,6,10,0.0,1.0,DAL
679,679,679,679,2009-09-13,2009091308,20,4,1.0,06:11,7,371.0,47.0,DAL,36.0,64.0,10,54,0.0,1.0,DAL
680,680,680,680,2009-09-13,2009091308,20,4,1.0,05:34,6,334.0,37.0,TB,20.0,20.0,10,63,0.0,0.0,DAL
681,681,681,681,2009-09-13,2009091308,20,4,2.0,04:48,5,288.0,46.0,TB,11.0,11.0,1,68,0.0,1.0,DAL
682,682,682,682,2009-09-13,2009091308,20,4,1.0,04:06,5,246.0,42.0,TB,6.0,6.0,6,74,1.0,0.0,DAL
683,683,683,683,2009-09-13,2009091308,20,4,,03:57,4,237.0,9.0,TB,2.0,2.0,0,74,0.0,0.0,DAL
684,684,684,684,2009-09-13,2009091308,21,4,,03:57,4,237.0,0.0,DAL,30.0,30.0,0,0,0.0,,TB
685,685,685,685,2009-09-13,2009091308,21,4,1.0,03:50,4,230.0,7.0,TB,28.0,72.0,10,0,0.0,0.0,TB
686,686,686,686,2009-09-13,2009091308,21,4,2.0,03:43,4,223.0,7.0,TB,28.0,72.0,10,3,0.0,0.0,TB
687,687,687,687,2009-09-13,2009091308,21,4,3.0,03:02,4,182.0,41.0,TB,31.0,69.0,7,20,0.0,1.0,TB
688,688,688,688,2009-09-13,2009091308,21,4,1.0,02:36,3,156.0,26.0,TB,48.0,52.0,10,27,0.0,0.0,TB
689,689,689,689,2009-09-13,2009091308,21,4,2.0,02:14,3,134.0,22.0,DAL,45.0,45.0,3,44,0.0,1.0,TB
690,690,690,690,2009-09-13,2009091308,21,4,1.0,02:06,3,126.0,8.0,DAL,28.0,28.0,10,52,0.0,0.0,TB
691,691,691,691,2009-09-13,2009091308,21,4,,01:59,2,119.0,7.0,DAL,28.0,28.0,0,52,0.0,0.0,
692,692,692,692,2009-09-13,2009091308,21,4,2.0,01:59,2,119.0,0.0,DAL,20.0,20.0,2,52,0.0,0.0,TB
693,693,693,693,2009-09-13,2009091308,21,4,3.0,01:53,2,113.0,6.0,DAL,20.0,20.0,2,63,0.0,1.0,TB
694,694,694,694,2009-09-13,2009091308,21,4,1.0,01:47,2,107.0,6.0,DAL,9.0,9.0,9,63,1.0,0.0,TB
695,695,695,695,2009-09-13,2009091308,21,4,2.0,01:45,2,105.0,2.0,DAL,9.0,9.0,9,63,1.0,0.0,TB
696,696,696,696,2009-09-13,2009091308,21,4,3.0,01:41,2,101.0,4.0,DAL,9.0,9.0,9,70,1.0,0.0,TB
697,697,697,697,2009-09-13,2009091308,21,4,4.0,01:31,2,91.0,10.0,DAL,2.0,2.0,2,72,1.0,0.0,TB
698,698,698,698,2009-09-13,2009091308,21,4,,01:28,2,88.0,3.0,DAL,2.0,2.0,0,72,0.0,0.0,TB
699,699,699,699,2009-09-13,2009091308,22,4,,01:28,2,88.0,0.0,TB,30.0,30.0,0,9,0.0,,DAL
700,700,700,700,2009-09-13,2009091308,22,4,1.0,01:26,2,86.0,2.0,TB,32.0,32.0,10,6,0.0,0.0,DAL
701,701,701,701,2009-09-13,2009091308,22,4,2.0,00:42,1,42.0,44.0,TB,26.0,26.0,4,9,0.0,0.0,DAL
702,702,702,702,2009-09-13,2009091308,22,4,,00:00,0,0.0,42.0,TB,26.0,26.0,0,9,0.0,0.0,DAL
703,703,703,703,2009-09-13,2009091305,1,1,,15:00,15,3600.0,0.0,NYJ,30.0,30.0,0,0,0.0,,HOU
704,704,704,704,2009-09-13,2009091305,1,1,1.0,14:52,15,3592.0,8.0,HOU,20.0,80.0,10,2,0.0,0.0,HOU
705,705,705,705,2009-09-13,2009091305,1,1,2.0,14:10,15,3550.0,42.0,HOU,22.0,78.0,8,9,0.0,0.0,HOU
706,706,706,706,2009-09-13,2009091305,1,1,3.0,13:33,14,3513.0,37.0,HOU,29.0,71.0,1,20,0.0,1.0,HOU
707,707,707,707,2009-09-13,2009091305,1,1,1.0,12:51,13,3471.0,42.0,HOU,40.0,60.0,10,18,0.0,0.0,HOU
708,708,708,708,2009-09-13,2009091305,1,1,2.0,12:11,13,3431.0,40.0,HOU,38.0,62.0,12,18,0.0,0.0,HOU
709,709,709,709,2009-09-13,2009091305,1,1,3.0,12:11,13,3431.0,0.0,HOU,38.0,62.0,12,18,0.0,0.0,HOU
710,710,710,710,2009-09-13,2009091305,1,1,4.0,11:58,12,3418.0,13.0,HOU,38.0,62.0,12,18,0.0,1.0,HOU
711,711,711,711,2009-09-13,2009091305,2,1,1.0,11:46,12,3406.0,12.0,NYJ,19.0,81.0,10,-3,0.0,0.0,NYJ
712,712,712,712,2009-09-13,2009091305,2,1,2.0,11:03,12,3363.0,43.0,NYJ,16.0,84.0,13,-3,0.0,0.0,NYJ
713,713,713,713,2009-09-13,2009091305,2,1,3.0,10:56,11,3356.0,7.0,NYJ,16.0,84.0,13,5,0.0,0.0,NYJ
714,714,714,714,2009-09-13,2009091305,2,1,4.0,10:20,11,3320.0,36.0,NYJ,24.0,76.0,5,5,0.0,1.0,NYJ
715,715,715,715,2009-09-13,2009091305,3,1,1.0,10:12,11,3312.0,8.0,HOU,33.0,67.0,10,0,0.0,0.0,HOU
716,716,716,716,2009-09-13,2009091305,3,1,2.0,10:12,11,3312.0,0.0,HOU,33.0,67.0,10,3,0.0,0.0,HOU
717,717,717,717,2009-09-13,2009091305,3,1,3.0,08:50,9,3230.0,82.0,HOU,36.0,64.0,7,3,0.0,0.0,HOU
718,718,718,718,2009-09-13,2009091305,3,1,4.0,08:44,9,3224.0,6.0,HOU,36.0,64.0,7,3,0.0,1.0,HOU
719,719,719,719,2009-09-13,2009091305,4,1,1.0,08:35,9,3215.0,9.0,NYJ,26.0,74.0,10,1,0.0,0.0,NYJ
720,720,720,720,2009-09-13,2009091305,4,1,2.0,07:54,8,3174.0,41.0,NYJ,27.0,73.0,9,68,0.0,1.0,NYJ
721,721,721,721,2009-09-13,2009091305,4,1,1.0,07:48,8,3168.0,6.0,NYJ,32.0,68.0,10,6,0.0,0.0,NYJ
722,722,722,722,2009-09-13,2009091305,4,1,2.0,07:09,8,3129.0,39.0,NYJ,31.0,69.0,11,6,0.0,0.0,NYJ
723,723,723,723,2009-09-13,2009091305,4,1,3.0,06:32,7,3092.0,37.0,NYJ,32.0,68.0,10,17,0.0,1.0,NYJ
724,724,724,724,2009-09-13,2009091305,4,1,1.0,05:49,6,3049.0,43.0,NYJ,43.0,57.0,10,17,0.0,0.0,NYJ
725,725,725,725,2009-09-13,2009091305,4,1,2.0,05:44,6,3044.0,5.0,NYJ,43.0,57.0,10,17,0.0,0.0,NYJ
726,726,726,726,2009-09-13,2009091305,4,1,3.0,05:34,6,3034.0,10.0,NYJ,43.0,57.0,10,35,0.0,1.0,NYJ
727,727,727,727,2009-09-13,2009091305,4,1,1.0,05:00,5,3000.0,34.0,HOU,39.0,39.0,10,35,0.0,0.0,NYJ
728,728,728,728,2009-09-13,2009091305,4,1,2.0,04:54,5,2994.0,6.0,HOU,39.0,39.0,10,38,0.0,0.0,NYJ
729,729,729,729,2009-09-13,2009091305,4,1,3.0,04:54,5,2994.0,0.0,HOU,31.0,31.0,2,38,0.0,0.0,NYJ
730,730,730,730,2009-09-13,2009091305,4,1,3.0,03:46,4,2926.0,68.0,HOU,36.0,36.0,7,48,0.0,1.0,NYJ
731,731,731,731,2009-09-13,2009091305,4,1,1.0,03:07,4,2887.0,39.0,HOU,26.0,26.0,10,68,0.0,0.0,NYJ
732,732,732,732,2009-09-13,2009091305,4,1,2.0,02:30,3,2850.0,37.0,HOU,25.0,25.0,9,68,0.0,1.0,NYJ
733,733,733,733,2009-09-13,2009091305,4,1,1.0,01:45,2,2805.0,45.0,HOU,11.0,11.0,10,68,0.0,0.0,NYJ
734,734,734,734,2009-09-13,2009091305,4,1,2.0,01:45,2,2805.0,0.0,HOU,9.0,9.0,8,68,0.0,0.0,NYJ
735,735,735,735,2009-09-13,2009091305,4,1,,00:16,1,2716.0,89.0,HOU,9.0,9.0,0,68,0.0,0.0,
736,736,736,736,2009-09-13,2009091305,4,1,3.0,00:16,1,2716.0,0.0,HOU,6.0,6.0,5,68,0.0,0.0,NYJ
737,737,737,737,2009-09-13,2009091305,4,1,4.0,00:12,1,2712.0,4.0,HOU,6.0,6.0,5,68,0.0,0.0,NYJ
738,738,738,738,2009-09-13,2009091305,5,1,,00:08,1,2708.0,4.0,NYJ,15.0,15.0,0,0,0.0,,HOU
739,739,739,739,2009-09-13,2009091305,5,1,1.0,00:01,1,2701.0,7.0,HOU,32.0,68.0,10,9,0.0,0.0,HOU
740,740,740,740,2009-09-13,2009091305,5,1,,00:00,0,2700.0,1.0,HOU,32.0,32.0,0,9,0.0,0.0,
741,741,741,741,2009-09-13,2009091305,5,2,2.0,15:00,15,2700.0,0.0,HOU,41.0,59.0,1,11,0.0,1.0,HOU
742,742,742,742,2009-09-13,2009091305,5,2,1.0,14:23,15,2663.0,37.0,HOU,43.0,57.0,10,11,0.0,0.0,HOU
743,743,743,743,2009-09-13,2009091305,5,2,2.0,14:16,15,2656.0,7.0,HOU,43.0,57.0,10,15,0.0,0.0,HOU
744,744,744,744,2009-09-13,2009091305,5,2,3.0,13:34,14,2614.0,42.0,HOU,47.0,53.0,6,15,0.0,0.0,HOU
745,745,745,745,2009-09-13,2009091305,5,2,4.0,13:29,14,2609.0,5.0,HOU,47.0,53.0,6,15,0.0,1.0,HOU
746,746,746,746,2009-09-13,2009091305,6,2,1.0,13:20,14,2600.0,9.0,NYJ,20.0,80.0,10,-5,0.0,1.0,NYJ
747,747,747,747,2009-09-13,2009091305,6,2,1.0,13:20,14,2600.0,0.0,NYJ,15.0,85.0,15,7,0.0,0.0,NYJ
748,748,748,748,2009-09-13,2009091305,6,2,2.0,13:20,14,2600.0,0.0,NYJ,27.0,73.0,3,7,0.0,0.0,NYJ
749,749,749,749,2009-09-13,2009091305,6,2,3.0,12:40,13,2560.0,40.0,NYJ,27.0,73.0,3,7,0.0,0.0,NYJ
750,750,750,750,2009-09-13,2009091305,6,2,4.0,12:34,13,2554.0,6.0,NYJ,27.0,73.0,3,7,0.0,1.0,NYJ
751,751,751,751,2009-09-13,2009091305,7,2,1.0,12:26,13,2546.0,8.0,HOU,30.0,70.0,10,-1,0.0,0.0,HOU
752,752,752,752,2009-09-13,2009091305,7,2,2.0,11:42,12,2502.0,44.0,HOU,29.0,71.0,11,-3,0.0,0.0,HOU
753,753,753,753,2009-09-13,2009091305,7,2,3.0,11:00,11,2460.0,42.0,HOU,27.0,73.0,13,11,0.0,1.0,HOU
754,754,754,754,2009-09-13,2009091305,7,2,1.0,10:26,11,2426.0,34.0,HOU,41.0,59.0,10,17,0.0,0.0,HOU
755,755,755,755,2009-09-13,2009091305,7,2,2.0,09:42,10,2382.0,44.0,HOU,47.0,53.0,4,22,0.0,1.0,HOU
756,756,756,756,2009-09-13,2009091305,7,2,1.0,09:05,10,2345.0,37.0,NYJ,48.0,48.0,10,36,0.0,1.0,HOU
757,757,757,757,2009-09-13,2009091305,7,2,1.0,08:24,9,2304.0,41.0,NYJ,34.0,34.0,10,35,0.0,0.0,HOU
758,758,758,758,2009-09-13,2009091305,7,2,2.0,07:43,8,2263.0,41.0,NYJ,35.0,35.0,11,53,0.0,1.0,HOU
759,759,759,759,2009-09-13,2009091305,8,2,1.0,07:29,8,2249.0,14.0,NYJ,22.0,78.0,10,15,0.0,1.0,NYJ
760,760,760,760,2009-09-13,2009091305,8,2,1.0,07:06,8,2226.0,23.0,NYJ,37.0,63.0,10,16,0.0,0.0,NYJ
761,761,761,761,2009-09-13,2009091305,8,2,2.0,06:29,7,2189.0,37.0,NYJ,38.0,62.0,9,16,0.0,0.0,NYJ
762,762,762,762,2009-09-13,2009091305,8,2,3.0,06:22,7,2182.0,7.0,NYJ,38.0,62.0,9,36,0.0,1.0,NYJ
763,763,763,763,2009-09-13,2009091305,8,2,1.0,05:35,6,2135.0,47.0,HOU,42.0,42.0,10,35,0.0,0.0,NYJ
764,764,764,764,2009-09-13,2009091305,8,2,2.0,05:03,6,2103.0,32.0,HOU,43.0,43.0,11,38,0.0,0.0,NYJ
765,765,765,765,2009-09-13,2009091305,8,2,3.0,05:03,6,2103.0,0.0,HOU,40.0,40.0,8,48,0.0,1.0,NYJ
766,766,766,766,2009-09-13,2009091305,8,2,1.0,03:39,4,2019.0,84.0,HOU,30.0,30.0,10,48,0.0,0.0,NYJ
767,767,767,767,2009-09-13,2009091305,8,2,2.0,03:32,4,2012.0,7.0,HOU,30.0,30.0,10,48,0.0,0.0,NYJ
768,768,768,768,2009-09-13,2009091305,8,2,3.0,03:27,4,2007.0,5.0,HOU,30.0,30.0,10,78,0.0,0.0,NYJ
769,769,769,769,2009-09-13,2009091305,8,2,,03:21,4,2001.0,6.0,HOU,2.0,2.0,0,78,0.0,0.0,NYJ
770,770,770,770,2009-09-13,2009091305,9,2,,03:21,4,2001.0,0.0,NYJ,30.0,30.0,0,-5,0.0,,HOU
771,771,771,771,2009-09-13,2009091305,9,2,1.0,03:14,4,1994.0,7.0,HOU,10.0,90.0,10,-5,0.0,1.0,HOU
772,772,772,772,2009-09-13,2009091305,9,2,1.0,02:43,3,1963.0,31.0,HOU,5.0,95.0,15,0,0.0,0.0,HOU
773,773,773,773,2009-09-13,2009091305,9,2,,02:00,2,1920.0,43.0,HOU,5.0,5.0,0,0,0.0,0.0,
774,774,774,774,2009-09-13,2009091305,9,2,2.0,02:00,2,1920.0,0.0,HOU,5.0,95.0,15,-7,0.0,0.0,HOU
775,775,775,775,2009-09-13,2009091305,9,2,2.0,02:00,2,1920.0,0.0,HOU,3.0,97.0,17,0,0.0,0.0,HOU
776,776,776,776,2009-09-13,2009091305,9,2,3.0,01:18,2,1878.0,42.0,HOU,10.0,90.0,10,8,0.0,0.0,HOU
777,777,777,777,2009-09-13,2009091305,9,2,,01:11,2,1871.0,7.0,HOU,10.0,10.0,0,8,0.0,0.0,
778,778,778,778,2009-09-13,2009091305,9,2,4.0,01:11,2,1871.0,0.0,HOU,18.0,82.0,2,8,0.0,1.0,HOU
779,779,779,779,2009-09-13,2009091305,10,2,1.0,00:58,1,1858.0,13.0,NYJ,49.0,51.0,10,3,0.0,0.0,NYJ
780,780,780,780,2009-09-13,2009091305,10,2,2.0,00:53,1,1853.0,5.0,HOU,48.0,48.0,7,3,0.0,0.0,NYJ
781,781,781,781,2009-09-13,2009091305,10,2,3.0,00:29,1,1829.0,24.0,HOU,48.0,48.0,7,8,0.0,0.0,NYJ
782,782,782,782,2009-09-13,2009091305,10,2,,00:02,1,1802.0,27.0,HOU,48.0,48.0,0,8,0.0,0.0,
783,783,783,783,2009-09-13,2009091305,10,2,4.0,00:02,1,1802.0,0.0,HOU,43.0,43.0,2,33,0.0,0.0,NYJ
784,784,784,784,2009-09-13,2009091305,10,2,,00:00,0,1800.0,2.0,HOU,43.0,43.0,0,33,0.0,0.0,
785,785,785,785,2009-09-13,2009091305,11,3,,15:00,15,1800.0,0.0,HOU,30.0,30.0,0,3,0.0,,NYJ
786,786,786,786,2009-09-13,2009091305,11,3,1.0,14:53,15,1793.0,7.0,NYJ,13.0,87.0,10,3,0.0,0.0,NYJ
787,787,787,787,2009-09-13,2009091305,11,3,2.0,14:15,15,1755.0,38.0,NYJ,16.0,84.0,7,5,0.0,0.0,NYJ
788,788,788,788,2009-09-13,2009091305,11,3,3.0,13:30,14,1710.0,45.0,NYJ,18.0,82.0,5,15,0.0,1.0,NYJ
789,789,789,789,2009-09-13,2009091305,11,3,1.0,12:44,13,1664.0,46.0,NYJ,28.0,72.0,10,22,0.0,0.0,NYJ
790,790,790,790,2009-09-13,2009091305,11,3,2.0,12:13,13,1633.0,31.0,NYJ,35.0,65.0,3,23,0.0,0.0,NYJ
791,791,791,791,2009-09-13,2009091305,11,3,3.0,11:31,12,1591.0,42.0,NYJ,36.0,64.0,2,48,0.0,1.0,NYJ
792,792,792,792,2009-09-13,2009091305,11,3,1.0,10:56,11,1556.0,35.0,HOU,39.0,39.0,10,59,0.0,1.0,NYJ
793,793,793,793,2009-09-13,2009091305,11,3,1.0,10:19,11,1519.0,37.0,HOU,28.0,28.0,10,72,0.0,0.0,NYJ
794,794,794,794,2009-09-13,2009091305,11,3,2.0,09:33,10,1473.0,46.0,HOU,26.0,26.0,8,72,0.0,1.0,NYJ
795,795,795,795,2009-09-13,2009091305,11,3,1.0,09:01,10,1441.0,32.0,HOU,15.0,15.0,10,72,0.0,0.0,NYJ
796,796,796,796,2009-09-13,2009091305,11,3,2.0,08:22,9,1402.0,39.0,HOU,15.0,15.0,10,86,0.0,1.0,NYJ
797,797,797,797,2009-09-13,2009091305,11,3,1.0,08:16,9,1396.0,6.0,HOU,10.0,10.0,10,87,1.0,0.0,NYJ
798,798,798,798,2009-09-13,2009091305,11,3,2.0,07:39,8,1359.0,37.0,HOU,1.0,1.0,1,87,1.0,0.0,NYJ
799,799,799,799,2009-09-13,2009091305,11,3,,07:35,8,1355.0,4.0,HOU,2.0,2.0,0,87,0.0,0.0,NYJ
800,800,800,800,2009-09-13,2009091305,12,3,,07:35,8,1355.0,0.0,NYJ,30.0,30.0,0,0,0.0,,HOU
801,801,801,801,2009-09-13,2009091305,12,3,1.0,07:28,8,1348.0,7.0,HOU,25.0,75.0,10,7,0.0,0.0,HOU
802,802,802,802,2009-09-13,2009091305,12,3,2.0,07:07,8,1327.0,21.0,HOU,32.0,68.0,3,-1,0.0,0.0,HOU
803,803,803,803,2009-09-13,2009091305,12,3,3.0,06:42,7,1302.0,25.0,HOU,24.0,76.0,11,-1,0.0,0.0,HOU
804,804,804,804,2009-09-13,2009091305,12,3,4.0,06:35,7,1295.0,7.0,HOU,24.0,76.0,11,-1,0.0,1.0,HOU
805,805,805,805,2009-09-13,2009091305,13,3,1.0,06:21,7,1281.0,14.0,NYJ,37.0,63.0,10,0,0.0,0.0,NYJ
806,806,806,806,2009-09-13,2009091305,13,3,2.0,06:14,7,1274.0,7.0,NYJ,37.0,63.0,10,3,0.0,0.0,NYJ
807,807,807,807,2009-09-13,2009091305,13,3,3.0,05:31,6,1231.0,43.0,NYJ,40.0,60.0,7,3,0.0,0.0,NYJ
808,808,808,808,2009-09-13,2009091305,13,3,4.0,05:27,6,1227.0,4.0,NYJ,40.0,60.0,7,3,0.0,1.0,NYJ
809,809,809,809,2009-09-13,2009091305,14,3,1.0,05:18,6,1218.0,9.0,HOU,14.0,86.0,10,27,0.0,1.0,HOU
810,810,810,810,2009-09-13,2009091305,14,3,1.0,04:52,5,1192.0,26.0,HOU,41.0,59.0,10,28,0.0,0.0,HOU
811,811,811,811,2009-09-13,2009091305,14,3,2.0,04:20,5,1160.0,32.0,HOU,42.0,58.0,9,28,0.0,0.0,HOU
812,812,812,812,2009-09-13,2009091305,14,3,3.0,04:17,5,1157.0,3.0,HOU,42.0,58.0,9,35,0.0,0.0,HOU
813,813,813,813,2009-09-13,2009091305,14,3,4.0,03:37,4,1117.0,40.0,HOU,49.0,51.0,2,35,0.0,1.0,HOU
814,814,814,814,2009-09-13,2009091305,15,3,1.0,03:33,4,1113.0,4.0,HOU,49.0,49.0,10,1,0.0,0.0,NYJ
815,815,815,815,2009-09-13,2009091305,15,3,2.0,02:58,3,1078.0,35.0,HOU,48.0,48.0,9,2,0.0,0.0,NYJ
816,816,816,816,2009-09-13,2009091305,15,3,2.0,02:27,3,1047.0,31.0,NYJ,42.0,58.0,19,2,0.0,0.0,NYJ
817,817,817,817,2009-09-13,2009091305,15,3,3.0,01:48,2,1008.0,39.0,HOU,47.0,47.0,8,6,0.0,0.0,NYJ
818,818,818,818,2009-09-13,2009091305,15,3,4.0,01:02,2,962.0,46.0,HOU,43.0,43.0,4,6,0.0,1.0,NYJ
819,819,819,819,2009-09-13,2009091305,16,3,1.0,00:54,1,954.0,8.0,HOU,11.0,89.0,10,8,0.0,1.0,HOU
820,820,820,820,2009-09-13,2009091305,16,3,1.0,00:29,1,929.0,25.0,HOU,19.0,81.0,10,8,0.0,0.0,HOU
821,821,821,821,2009-09-13,2009091305,16,3,2.0,00:25,1,925.0,4.0,HOU,19.0,81.0,10,22,0.0,1.0,HOU
822,822,822,822,2009-09-13,2009091305,16,3,1.0,00:01,1,901.0,24.0,HOU,33.0,67.0,10,22,0.0,0.0,HOU
823,823,823,823,2009-09-13,2009091305,16,3,,00:00,0,900.0,1.0,HOU,33.0,33.0,0,22,0.0,0.0,
824,824,824,824,2009-09-13,2009091305,16,4,2.0,15:00,15,900.0,0.0,HOU,33.0,67.0,10,22,0.0,0.0,HOU
825,825,825,825,2009-09-13,2009091305,16,4,3.0,14:56,15,896.0,4.0,HOU,33.0,67.0,10,9,0.0,0.0,HOU
826,826,826,826,2009-09-13,2009091305,16,4,4.0,14:39,15,879.0,17.0,HOU,20.0,80.0,23,9,0.0,1.0,HOU
827,827,827,827,2009-09-13,2009091305,17,4,1.0,14:28,15,868.0,11.0,NYJ,36.0,64.0,10,0,0.0,0.0,NYJ
828,828,828,828,2009-09-13,2009091305,17,4,2.0,14:28,15,868.0,0.0,NYJ,36.0,64.0,10,-5,0.0,0.0,NYJ
829,829,829,829,2009-09-13,2009091305,17,4,2.0,14:23,15,863.0,5.0,NYJ,31.0,69.0,15,16,0.0,1.0,NYJ
830,830,830,830,2009-09-13,2009091305,17,4,1.0,13:42,14,822.0,41.0,HOU,48.0,48.0,10,11,0.0,1.0,NYJ
831,831,831,831,2009-09-13,2009091305,17,4,1.0,13:15,14,795.0,27.0,NYJ,47.0,53.0,15,11,0.0,0.0,NYJ
832,832,832,832,2009-09-13,2009091305,17,4,2.0,12:35,13,755.0,40.0,NYJ,47.0,53.0,15,11,0.0,0.0,NYJ
833,833,833,833,2009-09-13,2009091305,18,4,,12:18,13,738.0,17.0,HOU,45.0,45.0,0,0,0.0,,NYJ
834,834,834,834,2009-09-13,2009091305,18,4,1.0,12:18,13,738.0,0.0,NYJ,20.0,80.0,10,2,0.0,0.0,NYJ
835,835,835,835,2009-09-13,2009091305,18,4,2.0,11:42,12,702.0,36.0,NYJ,22.0,78.0,8,7,0.0,0.0,NYJ
836,836,836,836,2009-09-13,2009091305,18,4,3.0,11:11,12,671.0,31.0,NYJ,27.0,73.0,3,47,0.0,1.0,NYJ
837,837,837,837,2009-09-13,2009091305,18,4,1.0,11:11,12,671.0,0.0,HOU,33.0,33.0,10,42,0.0,1.0,NYJ
838,838,838,838,2009-09-13,2009091305,18,4,1.0,10:17,11,617.0,54.0,HOU,38.0,38.0,15,80,0.0,0.0,NYJ
839,839,839,839,2009-09-13,2009091305,18,4,,10:10,11,610.0,7.0,HOU,2.0,2.0,0,80,0.0,0.0,NYJ
840,840,840,840,2009-09-13,2009091305,19,4,,10:10,11,610.0,0.0,NYJ,30.0,30.0,0,0,0.0,,HOU
841,841,841,841,2009-09-13,2009091305,19,4,1.0,10:02,11,602.0,8.0,HOU,21.0,79.0,10,0,0.0,0.0,HOU
842,842,842,842,2009-09-13,2009091305,19,4,2.0,09:56,10,596.0,6.0,HOU,21.0,79.0,10,17,0.0,1.0,HOU
843,843,843,843,2009-09-13,2009091305,19,4,1.0,09:27,10,567.0,29.0,HOU,38.0,62.0,10,24,0.0,0.0,HOU
844,844,844,844,2009-09-13,2009091305,19,4,2.0,09:03,10,543.0,24.0,HOU,45.0,55.0,3,24,0.0,0.0,HOU
845,845,845,845,2009-09-13,2009091305,19,4,3.0,09:02,10,542.0,1.0,HOU,45.0,55.0,3,30,0.0,1.0,HOU
846,846,846,846,2009-09-13,2009091305,19,4,1.0,08:36,9,516.0,26.0,NYJ,49.0,49.0,10,41,0.0,0.0,HOU
847,847,847,847,2009-09-13,2009091305,19,4,2.0,08:06,9,486.0,30.0,NYJ,42.0,42.0,3,41,0.0,1.0,HOU
848,848,848,848,2009-09-13,2009091305,19,4,1.0,07:34,8,454.0,32.0,NYJ,38.0,38.0,10,41,0.0,0.0,HOU
849,849,849,849,2009-09-13,2009091305,19,4,2.0,07:29,8,449.0,5.0,NYJ,38.0,38.0,10,41,0.0,1.0,HOU
850,850,850,850,2009-09-13,2009091305,20,4,1.0,07:20,8,440.0,9.0,NYJ,12.0,88.0,10,1,0.0,0.0,NYJ
851,851,851,851,2009-09-13,2009091305,20,4,2.0,06:39,7,399.0,41.0,NYJ,13.0,87.0,9,40,0.0,0.0,NYJ
852,852,852,852,2009-09-13,2009091305,20,4,,05:57,6,357.0,42.0,NYJ,13.0,13.0,0,40,0.0,,
853,853,853,853,2009-09-13,2009091305,20,4,1.0,05:57,6,357.0,0.0,HOU,48.0,48.0,10,40,0.0,0.0,NYJ
854,854,854,854,2009-09-13,2009091305,20,4,2.0,05:12,6,312.0,45.0,HOU,48.0,48.0,10,43,0.0,0.0,NYJ
855,855,855,855,2009-09-13,2009091305,20,4,3.0,04:28,5,268.0,44.0,HOU,45.0,45.0,7,50,0.0,1.0,NYJ
856,856,856,856,2009-09-13,2009091305,20,4,1.0,03:40,4,220.0,48.0,HOU,38.0,38.0,10,53,0.0,0.0,NYJ
857,857,857,857,2009-09-13,2009091305,20,4,2.0,02:56,3,176.0,44.0,HOU,35.0,35.0,7,55,0.0,0.0,NYJ
858,858,858,858,2009-09-13,2009091305,20,4,3.0,02:13,3,133.0,43.0,HOU,33.0,33.0,5,59,0.0,0.0,NYJ
859,859,859,859,2009-09-13,2009091305,20,4,,02:00,2,120.0,13.0,HOU,33.0,33.0,0,59,0.0,0.0,
860,860,860,860,2009-09-13,2009091305,20,4,4.0,02:00,2,120.0,0.0,HOU,29.0,29.0,1,61,0.0,0.0,NYJ
861,861,861,861,2009-09-13,2009091305,20,4,,01:42,2,102.0,18.0,HOU,29.0,29.0,0,61,0.0,,
862,862,862,862,2009-09-13,2009091305,20,4,1.0,01:42,2,102.0,0.0,HOU,27.0,27.0,10,66,0.0,0.0,NYJ
863,863,863,863,2009-09-13,2009091305,20,4,2.0,00:57,1,57.0,45.0,HOU,22.0,22.0,5,62,0.0,0.0,NYJ
864,864,864,864,2009-09-13,2009091305,20,4,3.0,00:16,1,16.0,41.0,HOU,26.0,26.0,9,60,0.0,0.0,NYJ
865,865,865,865,2009-09-13,2009091305,20,4,,00:00,0,0.0,16.0,HOU,26.0,26.0,0,60,0.0,0.0,NYJ
866,866,866,866,2009-09-13,2009091306,1,1,,15:00,15,3600.0,0.0,JAC,30.0,30.0,0,76,0.0,,IND
867,867,867,867,2009-09-13,2009091306,1,1,1.0,15:00,15,3600.0,0.0,IND,20.0,80.0,10,4,0.0,0.0,IND
868,868,868,868,2009-09-13,2009091306,1,1,2.0,14:28,15,3568.0,32.0,IND,24.0,76.0,6,19,0.0,1.0,IND
869,869,869,869,2009-09-13,2009091306,1,1,1.0,13:34,14,3514.0,54.0,IND,39.0,61.0,10,35,0.0,1.0,IND
870,870,870,870,2009-09-13,2009091306,1,1,1.0,13:05,14,3485.0,29.0,JAC,45.0,45.0,10,76,0.0,0.0,IND
871,871,871,871,2009-09-13,2009091306,1,1,2.0,12:52,13,3472.0,13.0,JAC,45.0,45.0,10,63,0.0,1.0,IND
872,872,872,872,2009-09-13,2009091306,1,1,1.0,12:20,13,3440.0,32.0,JAC,26.0,26.0,10,60,0.0,0.0,IND
873,873,873,873,2009-09-13,2009091306,1,1,2.0,11:38,12,3398.0,42.0,JAC,20.0,20.0,4,63,0.0,0.0,IND
874,874,874,874,2009-09-13,2009091306,1,1,3.0,10:54,11,3354.0,44.0,JAC,17.0,17.0,1,76,0.0,1.0,IND
875,875,875,875,2009-09-13,2009091306,1,1,1.0,10:10,11,3310.0,44.0,JAC,4.0,4.0,4,76,1.0,0.0,IND
876,876,876,876,2009-09-13,2009091306,1,1,2.0,10:06,11,3306.0,4.0,JAC,4.0,4.0,4,76,1.0,1.0,IND
877,877,877,877,2009-09-13,2009091306,2,1,1.0,09:59,10,3299.0,7.0,JAC,20.0,80.0,10,1,0.0,0.0,JAC
878,878,878,878,2009-09-13,2009091306,2,1,2.0,09:24,10,3264.0,35.0,JAC,21.0,79.0,9,7,0.0,0.0,JAC
879,879,879,879,2009-09-13,2009091306,2,1,3.0,08:43,9,3223.0,41.0,JAC,27.0,73.0,3,20,0.0,1.0,JAC
880,880,880,880,2009-09-13,2009091306,2,1,1.0,08:05,9,3185.0,38.0,JAC,40.0,60.0,10,21,0.0,0.0,JAC
881,881,881,881,2009-09-13,2009091306,2,1,2.0,07:29,8,3149.0,36.0,JAC,41.0,59.0,9,29,0.0,0.0,JAC
882,882,882,882,2009-09-13,2009091306,2,1,3.0,06:55,7,3115.0,34.0,JAC,49.0,51.0,1,32,0.0,1.0,JAC
883,883,883,883,2009-09-13,2009091306,2,1,1.0,06:18,7,3078.0,37.0,IND,48.0,48.0,10,24,0.0,0.0,JAC
884,884,884,884,2009-09-13,2009091306,2,1,2.0,05:47,6,3047.0,31.0,JAC,44.0,56.0,18,34,0.0,0.0,JAC
885,885,885,885,2009-09-13,2009091306,2,1,3.0,05:07,6,3007.0,40.0,IND,46.0,46.0,8,37,0.0,0.0,JAC
886,886,886,886,2009-09-13,2009091306,2,1,4.0,04:28,5,2968.0,39.0,IND,43.0,43.0,5,37,0.0,1.0,JAC
887,887,887,887,2009-09-13,2009091306,3,1,1.0,04:21,5,2961.0,7.0,IND,12.0,88.0,10,1,0.0,0.0,IND
888,888,888,888,2009-09-13,2009091306,3,1,2.0,03:41,4,2921.0,40.0,IND,13.0,87.0,9,8,0.0,0.0,IND
889,889,889,889,2009-09-13,2009091306,3,1,3.0,02:58,3,2878.0,43.0,IND,20.0,80.0,2,14,0.0,1.0,IND
890,890,890,890,2009-09-13,2009091306,3,1,1.0,02:15,3,2835.0,43.0,IND,26.0,74.0,10,58,0.0,0.0,IND
891,891,891,891,2009-09-13,2009091306,3,1,2.0,01:36,2,2796.0,39.0,IND,27.0,73.0,9,19,0.0,0.0,IND
892,892,892,892,2009-09-13,2009091306,3,1,3.0,01:15,2,2775.0,21.0,IND,31.0,69.0,5,24,0.0,1.0,IND
893,893,893,893,2009-09-13,2009091306,3,1,1.0,00:47,1,2747.0,28.0,IND,36.0,64.0,10,24,0.0,0.0,IND
894,894,894,894,2009-09-13,2009091306,3,1,2.0,00:41,1,2741.0,6.0,IND,36.0,64.0,10,41,0.0,1.0,IND
895,895,895,895,2009-09-13,2009091306,3,1,1.0,00:05,1,2705.0,36.0,JAC,47.0,47.0,10,42,0.0,0.0,IND
896,896,896,896,2009-09-13,2009091306,3,1,,00:00,0,2700.0,5.0,JAC,47.0,47.0,0,42,0.0,0.0,
897,897,897,897,2009-09-13,2009091306,3,2,2.0,15:00,15,2700.0,0.0,JAC,46.0,46.0,9,58,0.0,1.0,IND
898,898,898,898,2009-09-13,2009091306,3,2,1.0,14:42,15,2682.0,18.0,JAC,30.0,30.0,10,62,0.0,0.0,IND
899,899,899,899,2009-09-13,2009091306,3,2,2.0,14:00,14,2640.0,42.0,JAC,26.0,26.0,6,58,0.0,1.0,IND
900,900,900,900,2009-09-13,2009091306,4,2,1.0,13:53,14,2633.0,7.0,JAC,35.0,65.0,10,1,0.0,0.0,JAC
901,901,901,901,2009-09-13,2009091306,4,2,2.0,13:16,14,2596.0,37.0,JAC,36.0,64.0,9,9,0.0,0.0,JAC
902,902,902,902,2009-09-13,2009091306,4,2,3.0,12:52,13,2572.0,24.0,JAC,44.0,56.0,1,11,0.0,1.0,JAC
903,903,903,903,2009-09-13,2009091306,4,2,1.0,12:17,13,2537.0,35.0,JAC,46.0,54.0,10,18,0.0,0.0,JAC
904,904,904,904,2009-09-13,2009091306,4,2,2.0,11:41,12,2501.0,36.0,IND,47.0,47.0,3,44,0.0,1.0,JAC
905,905,905,905,2009-09-13,2009091306,4,2,1.0,11:00,11,2460.0,41.0,IND,21.0,21.0,10,49,0.0,0.0,JAC
906,906,906,906,2009-09-13,2009091306,4,2,2.0,10:22,11,2422.0,38.0,IND,16.0,16.0,5,59,0.0,1.0,JAC
907,907,907,907,2009-09-13,2009091306,4,2,1.0,09:57,10,2397.0,25.0,IND,6.0,6.0,6,59,1.0,0.0,JAC
908,908,908,908,2009-09-13,2009091306,4,2,2.0,09:12,10,2352.0,45.0,IND,6.0,6.0,6,59,1.0,0.0,JAC
909,909,909,909,2009-09-13,2009091306,4,2,3.0,09:07,10,2347.0,5.0,IND,6.0,6.0,6,59,1.0,0.0,JAC
910,910,910,910,2009-09-13,2009091306,4,2,4.0,09:02,10,2342.0,5.0,IND,6.0,6.0,6,59,1.0,0.0,JAC
911,911,911,911,2009-09-13,2009091306,5,2,,08:58,9,2338.0,4.0,JAC,30.0,30.0,0,0,0.0,,IND
912,912,912,912,2009-09-13,2009091306,5,2,1.0,08:53,9,2333.0,5.0,IND,22.0,78.0,10,-7,0.0,0.0,IND
913,913,913,913,2009-09-13,2009091306,5,2,2.0,08:27,9,2307.0,26.0,IND,15.0,85.0,17,-3,0.0,0.0,IND
914,914,914,914,2009-09-13,2009091306,5,2,3.0,08:10,9,2290.0,17.0,IND,19.0,81.0,13,36,0.0,1.0,IND
915,915,915,915,2009-09-13,2009091306,5,2,1.0,07:25,8,2245.0,45.0,JAC,42.0,42.0,10,40,0.0,0.0,IND
916,916,916,916,2009-09-13,2009091306,5,2,2.0,06:51,7,2211.0,34.0,JAC,38.0,38.0,6,40,0.0,0.0,IND
917,917,917,917,2009-09-13,2009091306,5,2,3.0,06:46,7,2206.0,5.0,JAC,38.0,38.0,6,61,0.0,1.0,IND
918,918,918,918,2009-09-13,2009091306,5,2,1.0,06:20,7,2180.0,26.0,JAC,17.0,17.0,10,61,0.0,0.0,IND
919,919,919,919,2009-09-13,2009091306,5,2,2.0,05:46,6,2146.0,34.0,JAC,17.0,17.0,10,69,0.0,0.0,IND
920,920,920,920,2009-09-13,2009091306,5,2,3.0,05:06,6,2106.0,40.0,JAC,9.0,9.0,2,74,0.0,1.0,IND
921,921,921,921,2009-09-13,2009091306,5,2,1.0,04:23,5,2063.0,43.0,JAC,4.0,4.0,4,75,1.0,0.0,IND
922,922,922,922,2009-09-13,2009091306,5,2,2.0,03:43,4,2023.0,40.0,JAC,3.0,3.0,3,78,1.0,0.0,IND
923,923,923,923,2009-09-13,2009091306,5,2,,03:39,4,2019.0,4.0,JAC,2.0,2.0,0,78,0.0,0.0,IND
924,924,924,924,2009-09-13,2009091306,6,2,,03:39,4,2019.0,0.0,IND,30.0,30.0,0,0,0.0,,JAC
925,925,925,925,2009-09-13,2009091306,6,2,1.0,03:33,4,2013.0,6.0,JAC,31.0,69.0,10,26,0.0,1.0,JAC
926,926,926,926,2009-09-13,2009091306,6,2,1.0,02:53,3,1973.0,40.0,IND,43.0,43.0,10,26,0.0,0.0,JAC
927,927,927,927,2009-09-13,2009091306,6,2,2.0,02:46,3,1966.0,7.0,IND,43.0,43.0,10,35,0.0,0.0,JAC
928,928,928,928,2009-09-13,2009091306,6,2,,02:00,2,1920.0,46.0,IND,43.0,43.0,0,35,0.0,0.0,
929,929,929,929,2009-09-13,2009091306,6,2,3.0,02:00,2,1920.0,0.0,IND,34.0,34.0,1,37,0.0,1.0,JAC
930,930,930,930,2009-09-13,2009091306,6,2,1.0,01:27,2,1887.0,33.0,IND,32.0,32.0,10,39,0.0,0.0,JAC
931,931,931,931,2009-09-13,2009091306,6,2,,01:16,2,1876.0,11.0,IND,32.0,32.0,0,39,0.0,0.0,
932,932,932,932,2009-09-13,2009091306,6,2,2.0,01:16,2,1876.0,0.0,IND,30.0,30.0,8,39,0.0,0.0,JAC
933,933,933,933,2009-09-13,2009091306,6,2,3.0,01:10,2,1870.0,6.0,IND,30.0,30.0,8,41,0.0,0.0,JAC
934,934,934,934,2009-09-13,2009091306,6,2,,01:04,2,1864.0,6.0,IND,30.0,30.0,0,41,0.0,0.0,
935,935,935,935,2009-09-13,2009091306,6,2,4.0,01:04,2,1864.0,0.0,IND,28.0,28.0,6,41,0.0,0.0,JAC
936,936,936,936,2009-09-13,2009091306,7,2,,00:59,1,1859.0,5.0,JAC,30.0,30.0,0,0,0.0,,IND
937,937,937,937,2009-09-13,2009091306,7,2,1.0,00:51,1,1851.0,8.0,IND,37.0,63.0,10,0,0.0,0.0,IND
938,938,938,938,2009-09-13,2009091306,7,2,2.0,00:47,1,1847.0,4.0,IND,37.0,63.0,10,7,0.0,0.0,IND
939,939,939,939,2009-09-13,2009091306,7,2,,00:38,1,1838.0,9.0,IND,37.0,37.0,0,7,0.0,0.0,
940,940,940,940,2009-09-13,2009091306,7,2,3.0,00:38,1,1838.0,0.0,IND,44.0,56.0,3,9,0.0,0.0,IND
941,941,941,941,2009-09-13,2009091306,7,2,,00:08,1,1808.0,30.0,IND,44.0,44.0,0,9,0.0,0.0,
942,942,942,942,2009-09-13,2009091306,7,2,4.0,00:08,1,1808.0,0.0,IND,46.0,54.0,1,9,0.0,1.0,IND
943,943,943,943,2009-09-13,2009091306,8,2,1.0,00:03,1,1803.0,5.0,IND,45.0,45.0,10,0,0.0,0.0,JAC
944,944,944,944,2009-09-13,2009091306,9,3,,15:00,15,1800.0,3.0,IND,30.0,30.0,0,0,0.0,,JAC
945,945,945,945,2009-09-13,2009091306,9,3,1.0,14:54,15,1794.0,6.0,JAC,28.0,72.0,10,5,0.0,1.0,JAC
946,946,946,946,2009-09-13,2009091306,9,3,1.0,14:54,15,1794.0,0.0,JAC,33.0,67.0,5,9,0.0,0.0,JAC
947,947,947,947,2009-09-13,2009091306,9,3,2.0,14:12,15,1752.0,42.0,JAC,37.0,63.0,1,23,0.0,1.0,JAC
948,948,948,948,2009-09-13,2009091306,9,3,1.0,13:26,14,1706.0,46.0,IND,49.0,49.0,10,27,0.0,0.0,JAC
949,949,949,949,2009-09-13,2009091306,9,3,2.0,12:49,13,1669.0,37.0,IND,45.0,45.0,6,27,0.0,0.0,JAC
950,950,950,950,2009-09-13,2009091306,9,3,3.0,12:45,13,1665.0,4.0,IND,45.0,45.0,6,27,0.0,0.0,JAC
951,951,951,951,2009-09-13,2009091306,9,3,4.0,12:40,13,1660.0,5.0,IND,45.0,45.0,6,27,0.0,1.0,JAC
952,952,952,952,2009-09-13,2009091306,10,3,1.0,12:30,13,1650.0,10.0,IND,14.0,86.0,10,4,0.0,0.0,IND
953,953,953,953,2009-09-13,2009091306,10,3,2.0,11:57,12,1617.0,33.0,IND,18.0,82.0,6,15,0.0,1.0,IND
954,954,954,954,2009-09-13,2009091306,10,3,1.0,11:13,12,1573.0,44.0,IND,29.0,71.0,10,21,0.0,0.0,IND
955,955,955,955,2009-09-13,2009091306,10,3,2.0,11:13,12,1573.0,0.0,IND,35.0,65.0,4,16,0.0,0.0,IND
956,956,956,956,2009-09-13,2009091306,10,3,2.0,10:16,11,1516.0,57.0,IND,30.0,70.0,9,16,0.0,0.0,IND
957,957,957,957,2009-09-13,2009091306,10,3,,10:11,11,1511.0,5.0,IND,30.0,30.0,0,16,0.0,0.0,
958,958,958,958,2009-09-13,2009091306,10,3,3.0,10:11,11,1511.0,0.0,IND,30.0,70.0,9,26,0.0,1.0,IND
959,959,959,959,2009-09-13,2009091306,10,3,1.0,09:26,10,1466.0,45.0,IND,40.0,60.0,10,38,0.0,1.0,IND
960,960,960,960,2009-09-13,2009091306,10,3,1.0,08:50,9,1430.0,36.0,JAC,48.0,48.0,10,42,0.0,0.0,IND
961,961,961,961,2009-09-13,2009091306,10,3,2.0,08:17,9,1397.0,33.0,JAC,44.0,44.0,6,86,0.0,0.0,IND
962,962,962,962,2009-09-13,2009091306,10,3,3.0,07:31,8,1351.0,46.0,JAC,41.0,41.0,3,51,0.0,1.0,IND
963,963,963,963,2009-09-13,2009091306,10,3,1.0,07:04,8,1324.0,27.0,JAC,35.0,35.0,10,86,0.0,0.0,IND
964,964,964,964,2009-09-13,2009091306,10,3,,06:56,7,1316.0,8.0,JAC,2.0,2.0,0,86,0.0,0.0,IND
965,965,965,965,2009-09-13,2009091306,11,3,,06:56,7,1316.0,0.0,IND,30.0,30.0,0,0,0.0,,JAC
966,966,966,966,2009-09-13,2009091306,11,3,1.0,06:56,7,1316.0,0.0,JAC,20.0,80.0,10,4,0.0,0.0,JAC
967,967,967,967,2009-09-13,2009091306,11,3,2.0,06:25,7,1285.0,31.0,JAC,24.0,76.0,6,5,0.0,0.0,JAC
968,968,968,968,2009-09-13,2009091306,11,3,3.0,05:43,6,1243.0,42.0,JAC,25.0,75.0,5,5,0.0,0.0,JAC
969,969,969,969,2009-09-13,2009091306,11,3,4.0,05:39,6,1239.0,4.0,JAC,25.0,75.0,5,5,0.0,1.0,JAC
970,970,970,970,2009-09-13,2009091306,12,3,1.0,05:29,6,1229.0,10.0,IND,37.0,63.0,10,0,0.0,0.0,IND
971,971,971,971,2009-09-13,2009091306,12,3,2.0,05:22,6,1222.0,7.0,IND,37.0,63.0,10,4,0.0,0.0,IND
972,972,972,972,2009-09-13,2009091306,12,3,3.0,04:45,5,1185.0,37.0,IND,41.0,59.0,6,9,0.0,0.0,IND
973,973,973,973,2009-09-13,2009091306,12,3,4.0,04:05,5,1145.0,40.0,IND,46.0,54.0,1,9,0.0,1.0,IND
974,974,974,974,2009-09-13,2009091306,13,3,1.0,03:56,4,1136.0,9.0,JAC,9.0,91.0,10,-4,0.0,1.0,JAC
975,975,975,975,2009-09-13,2009091306,13,3,1.0,03:56,4,1136.0,0.0,JAC,5.0,95.0,14,-2,0.0,0.0,JAC
976,976,976,976,2009-09-13,2009091306,13,3,2.0,03:19,4,1099.0,37.0,JAC,7.0,93.0,12,-2,0.0,0.0,JAC
977,977,977,977,2009-09-13,2009091306,13,3,3.0,03:12,4,1092.0,7.0,JAC,7.0,93.0,12,-2,0.0,0.0,JAC
978,978,978,978,2009-09-13,2009091306,13,3,4.0,03:08,4,1088.0,4.0,JAC,7.0,93.0,12,-2,0.0,1.0,JAC
979,979,979,979,2009-09-13,2009091306,14,3,1.0,02:57,3,1077.0,11.0,JAC,34.0,34.0,10,1,0.0,0.0,IND
980,980,980,980,2009-09-13,2009091306,14,3,2.0,02:27,3,1047.0,30.0,JAC,33.0,33.0,9,0,0.0,0.0,IND
981,981,981,981,2009-09-13,2009091306,14,3,3.0,01:48,2,1008.0,39.0,JAC,34.0,34.0,10,0,0.0,0.0,IND
982,982,982,982,2009-09-13,2009091306,14,3,4.0,01:42,2,1002.0,6.0,JAC,34.0,34.0,10,0,0.0,1.0,IND
983,983,983,983,2009-09-13,2009091306,15,3,1.0,01:37,2,997.0,5.0,JAC,42.0,58.0,10,0,0.0,0.0,JAC
984,984,984,984,2009-09-13,2009091306,15,3,2.0,01:31,2,991.0,6.0,JAC,42.0,58.0,10,8,0.0,0.0,JAC
985,985,985,985,2009-09-13,2009091306,15,3,3.0,00:55,1,955.0,36.0,MID,50.0,50.0,2,12,0.0,1.0,JAC
986,986,986,986,2009-09-13,2009091306,15,3,1.0,00:16,1,916.0,39.0,IND,46.0,46.0,10,19,0.0,0.0,JAC
987,987,987,987,2009-09-13,2009091306,15,3,,00:00,0,900.0,16.0,IND,46.0,46.0,0,19,0.0,0.0,
988,988,988,988,2009-09-13,2009091306,15,4,2.0,15:00,15,900.0,0.0,IND,39.0,39.0,3,21,0.0,0.0,JAC
989,989,989,989,2009-09-13,2009091306,15,4,3.0,14:20,15,860.0,40.0,IND,37.0,37.0,1,24,0.0,1.0,JAC
990,990,990,990,2009-09-13,2009091306,15,4,1.0,13:41,14,821.0,39.0,IND,34.0,34.0,10,43,0.0,1.0,JAC
991,991,991,991,2009-09-13,2009091306,15,4,1.0,13:03,14,783.0,38.0,IND,15.0,15.0,10,48,0.0,0.0,JAC
992,992,992,992,2009-09-13,2009091306,15,4,2.0,12:37,13,757.0,26.0,IND,10.0,10.0,5,51,0.0,0.0,JAC
993,993,993,993,2009-09-13,2009091306,15,4,3.0,11:55,12,715.0,42.0,IND,7.0,7.0,2,51,0.0,0.0,JAC
994,994,994,994,2009-09-13,2009091306,15,4,,11:12,12,672.0,43.0,IND,7.0,7.0,0,51,0.0,0.0,
995,995,995,995,2009-09-13,2009091306,15,4,4.0,11:12,12,672.0,0.0,IND,7.0,7.0,2,58,0.0,0.0,JAC
996,996,996,996,2009-09-13,2009091306,15,4,,11:07,12,667.0,5.0,IND,2.0,2.0,0,58,0.0,0.0,JAC
997,997,997,997,2009-09-13,2009091306,16,4,,11:07,12,667.0,0.0,JAC,30.0,30.0,0,0,0.0,,IND
998,998,998,998,2009-09-13,2009091306,16,4,1.0,11:00,11,660.0,7.0,IND,20.0,80.0,10,0,0.0,0.0,IND
999,999,999,999,2009-09-13,2009091306,16,4,2.0,10:20,11,620.0,40.0,IND,20.0,80.0,10,14,0.0,1.0,IND
